word,synset_1,synset_2,synset_3,synset_4,synset_5,synset_6,synset_7,synset_8,synset_9,synset_10,synset_11,synset_12,synset_13,synset_14,synset_15,synset_16,synset_17,synset_18,synset_19,synset_20,synset_21,synset_22,synset_23,synset_24,synset_25,synset_26,synset_27,synset_28,synset_29,synset_30,synset_31,synset_32,synset_33,synset_34,synset_35,synset_36,synset_37,synset_38,synset_39,synset_40,synset_41,synset_42,synset_43,synset_44,synset_45,synset_46,synset_47,synset_48,synset_49,synset_50,synset_51,synset_52,synset_53,synset_54,synset_55,synset_56,synset_57,synset_58,synset_59,synset_60,synset_61,synset_62,synset_63,synset_64,synset_65,synset_66,synset_67,synset_68,synset_69,synset_70,synset_71,synset_72,synset_73,synset_74,synset_75,synset_76,synset_77,synset_78,synset_79,synset_80,synset_81,synset_82,synset_83,synset_84,synset_85,synset_86,synset_87,synset_88,synset_89,synset_90,synset_91,synset_92,synset_93,synset_94,is_saved
aderyn,anifail,edn,hediad,hedfan,aderyn mudlais,adar,fertebrat,natur,ysglyfaeth,aderyn pensidan,brân,fertebra,iâr,ysglyfaethwr,cywion,rhywogaeth,aderyn y frochell,diadell,bwncath,plu,aderyn canu,cyw,nyth,pioden,adain,bilidowcar,aderyn bach y si,nythu,barcut,wŷ,gwylan,ehediad,,,,,,,,,,,,,,,,,,,,,,,,,,,,,,,,,,,,,,,,,,,,,,,,,,,,,,,,,,,,,,,1
aelod,aelod seneddol,cynrychiolydd,cymrawd,cydymaith,perthyn,rhan,aelod o dîm,aelodaeth,aelod o gynghrair,dadogi,aelod o deulu,cydweithredwr,dilynwyr,unigolyn,grwp,rhan o dîm,uned,darn,rhan o grŵp,rhan o'r corff,adran,arweinydd,aelod o glwb,safle,sefydliad,cyfundrefn,,,,,,,,,,,,,,,,,,,,,,,,,,,,,,,,,,,,,,,,,,,,,,,,,,,,,,,,,,,,,,,,,,,,,0
agos,gerllaw,cyfagos,clos,bron,lleol,nesau,cyffwrdd,clòs,heb fod ymhell o,annwyl,bwys,ger,ar bwys,union,o fewn ychydig i,ymron,wrth ymyl,o fewn dim,ymyl,cyfleus,bron â bod yn,nesaf,agos atoch,cyfarwydd,agosatrwydd,hoff,twym,wrth,braidd,agos at fy nghalon,,,,,,,,,,,,,,,,,,,,,,,,,,,,,,,,,,,,,,,,,,,,,,,,,,,,,,,,,,,,,,,,,1
amheus,ansicr,petrus,drwgdybus,amhendant,dadleuol,gwamal,amwys,anargyhoeddedig,ansefydlog,drwgdybio,di-ffydd,amau,yn amau,annhebygol,niwlog,problematig,pryderus,dyrys,petrusgar,annibynnadwy,annibynadwy,anghredadwy,amhenderfynol,rhanedig,anwadl,aneglur,aflonydd,,,,,,,,,,,,,,,,,,,,,,,,,,,,,,,,,,,,,,,,,,,,,,,,,,,,,,,,,,,,,,,,,,,,0
aml,rheolaidd,cyson,yn fynych,cyffredin,llawer,arferol,drachefn,toreithiog,niferus,helaeth,llawer gwaith,bob hyn a hyn,mynych,o bryd i'w gilydd,weithiau,lluosog,yn gyson,normal,naturiol,toreithog,cyffredinol,lot,brith,,,,,,,,,,,,,,,,,,,,,,,,,,,,,,,,,,,,,,,,,,,,,,,,,,,,,,,,,,,,,,,,,,,,,,,,0
amlwg,clir,eglur,diamwys,gweladwy,enwog,plaen,pendant,adnabyddadwy,digamsyniol,blaenllaw,adnabyddus,cyfarwydd,blaengar,dealladwy,syml,darllenadwy,croyw,bendant,diymwad,clywadwy,sicr,esboniadol,llachar,nodedig,pwysig,dybryd,hygyrch,hysbys,,,,,,,,,,,,,,,,,,,,,,,,,,,,,,,,,,,,,,,,,,,,,,,,,,,,,,,,,,,,,,,,,,,0
amser,adeg,achlysur,pryd,cyfnod,oes,tro,awr,amseriad,cloc,blwyddyn,oriawr,munud,eiliad,pan,term,amserlen,hyd,canrif,amseru,amserol,mesuriad,epoc,tymor,,,,,,,,,,,,,,,,,,,,,,,,,,,,,,,,,,,,,,,,,,,,,,,,,,,,,,,,,,,,,,,,,,,,,,,,0
anadlu,mewnanadlu,resbiradu,allanadlu,cymryd anadl,chwythu,chwyth,ochneidio,nwyf,cymryd gwynt,griddfan,anadlu'n drwm,byw,chwythu drwy,allananadlu,gwynt,treiddio drwy,allyrru,ebychu,ffroeni,bywyd,peuo,bod,anadlu'n rhwyddach,einioes,awyru,goranadlu,hanfod,egni,bodoli,,,,,,,,,,,,,,,,,,,,,,,,,,,,,,,,,,,,,,,,,,,,,,,,,,,,,,,,,,,,,,,,,,0
aneglur,amwys,niwlog,amhendant,annealladwy,dryslyd,amhenodol,annelwig,afloyw,anghlir,cyfarwyddiadau aneglur,cymylog,ansicr,esboniad aneglur,ateb aneglur,arholiad aneglur,cymylu,diafael,brith,neges aneglur,aneglur,astrus,ansefydlog,cymysglyd,tywyll,bloesg,anhryloyw,,,,,,,,,,,,,,,,,,,,,,,,,,,,,,,,,,,,,,,,,,,,,,,,,,,,,,,,,,,,,,,,,,,,,0
angen,eisiau,rhaid,anghenraid,angenrheidiol,anghenion,angenrhaid,gofyniad,isio,yn gorfod cael,dymuno,hawl,gofyn,diffyg,gorfodaeth,brys,erfyn,ceisio,awydd,rheidrwydd,,,,,,,,,,,,,,,,,,,,,,,,,,,,,,,,,,,,,,,,,,,,,,,,,,,,,,,,,,,,,,,,,,,,,,,,,,,,0
anodd,caled,trafferthus,heriol,llafurus,cymhleth,afrwydd,cas,annifyr,anghyfleus,ffwdanus,uchelgeisiol,dyrys,astrus,drysys,hanfodol,poenus,baich,anhydrin,anhawster,ystyfnig,anystywallt,problematig,ymrechgar,gwydn,,,,,,,,,,,,,,,,,,,,,,,,,,,,,,,,,,,,,,,,,,,,,,,,,,,,,,,,,,,,,,,,,,,,,,,0
arall,amgen,gwahanol,llall,eraill,amrywiol,mwy,gwhanol,cyferbyniol,dewisol,nid yr un,ychwanegol,ar wahan,anhebyg,newydd,nid yr un un,opsiwn,y llall,amryw,arbennig,annhebyg,rhagor,atodol,anghyffelyb,gilydd,,,,,,,,,,,,,,,,,,,,,,,,,,,,,,,,,,,,,,,,,,,,,,,,,,,,,,,,,,,,,,,,,,,,,,,0
arbennig,rhagorol,gwych,eithriadol,rhyfeddol,penigamp,ardderchog,grêt,ysblennydd,da,godidog,campus,unigryw,anarferol,odiaeth,safonol,canmoladwy,nodedig,anghyffredin,amheuthun,hynod,neilltuol,bendigedig,nodwedd,,,,,,,,,,,,,,,,,,,,,,,,,,,,,,,,,,,,,,,,,,,,,,,,,,,,,,,,,,,,,,,,,,,,,,,,0
arian,pres,cyfoeth,cyflog,ceiniog,darnau,incwm,cyfalaf,darn o arian,punt,arian parod,ceiniogau,pres papur,arian anarnewidiol,siec,efydd,arian,tâl,arian gleision,arian papur,taliad,darn,modd,papur,cyfoethog,punoedd,talu,busnes,enillion,cronfa,tlawd,banc,gwerth,bathdy brenhinol,mint brenhinol,,,,,,,,,,,,,,,,,,,,,,,,,,,,,,,,,,,,,,,,,,,,,,,,,,,,,,,,,,,,,0
ariannol,cyllidol,economaidd,masnachol,pres,arian,busnes,cyflog,perthynol i arian,bancio,buddsoddiad,enillion,cyfoeth,dyled ariannol,banciau,sefydlog yn ariannol,rhifau,adenillion,cyfoethogi,tâl,llog,,,,,,,,,,,,,,,,,,,,,,,,,,,,,,,,,,,,,,,,,,,,,,,,,,,,,,,,,,,,,,,,,,,,,,,,,,,0
bach,bychan,pitw,ifanc,byr,eiddil,man,mân,cyfyngedig,cul,bychain,main,ci bach,llai,mini,traed bach,gwylaidd,microsgopig,cadair fach,prin,tenau,bach iawn,maint,lleiaf,clos,tennau,,,,,,,,,,,,,,,,,,,,,,,,,,,,,,,,,,,,,,,,,,,,,,,,,,,,,,,,,,,,,,,,,,,,,,0
banc,glan,llethr,gorglawdd,clawdd,ochr,afon,codiad tîr mewn môr,cronfa,torlan,ymyl,bryncyn,ponc,aber,bryncyn mewn môr neu afon,llechwedd,ucheldir mewn môr neu afon,min,nant,traeth,ffynnon,ffridd mewn môr neu afon,codiad tir,twmpath,trum mewn môr neu afon,ystlys,terfyn,llednant,tir sych,tarddiad,twyn,llethr mewn môr neu afon,dyddodiad mewn môr neu afon,bryn,tyle,ochr bryn,arian,pres,ariandy,cronfa,cyfrif,cyfriflen,trysorlys,storfa,balans banc,canolfanc,cronfa arian,stoc,treuliau banc,gorglawdd,cangen banc,cyfoeth,trysorfa,cwmni,twyll bancio,banc canolog,buddiannu,benthyciad banc,banc clirio,benthyciad,llog,sefydliad ariannol,banc masnachol,casgliad,bancwyr,cyfradd banc,banc cydweithredol,dyled,elw,banc cynilo,trethu,,,,,,,,,,,,,,,,,,,,,,,,,0
blwyddyn,blwydd,blynedd,deuddeng mis,amser,cyfnod,blwyddyn academaidd,eleni,amser hir,oes,llynedd,deuddeg mis,blwyddyn nesaf,oed,calendr,oesoedd,adeg,blwyddyn naid,blwyddyn ysgol,misol,blynyddoedd,blwyddyn newydd,blwyddyn diwethaf,awr,munud,tro,diwrnod,hoedl,blwyddyn ariannol,blwyddiadur,wythnos,blwyddyn cyhoeddi,,,,,,,,,,,,,,,,,,,,,,,,,,,,,,,,,,,,,,,,,,,,,,,,,,,,,,,,,,,,,,,,0
bod,bodoli,byw,disgwyliedig,darpar,dyfodol,gorwel,arfaethedig,digwydd,rhagweld,disgwyl,ymweld,cyn bo hir,ar y gweill,presennol,realiti,dilynol,anadlu,fuan,gwneud,tybio,taith,am fod,pen draw,ffynnu,dyfod,enaid,yn fuan,bodolaeth,bywyd,bodoli,byw,anadlu,presenoldeb,bodoloaeth,dirfod,einioes,hanfod,realiti,oes,goroesi,dirwedd,hunaniaeth,bod dynol,natur,enaid,parhau,hoedl,cred,cartref,preswylfa,addef,annedd,aelwyd,cartrefle,cynefin,tŷ,anheddfa,trigfan,mangre,adeilad,lleoliad,llety,tai,fflat,bwthyn,ty,lloches,llys,gweithle,adref,cyfannedd,cysgod,byngalo,teulu,hiraeth,,,,,,,,,,,,,,,,,,,,0
brawychus,dychrynllyd,arswydus,ofnus,hunllefus,ofnadwy,echrydus,erchyll,hynllefus,aethus,afiach,iasoer,grotesg,hyll,dychrynu,peri ofn,dybryd,cyffroi,crynedig,trychinebus,ysgeler,,,,,,,,,,,,,,,,,,,,,,,,,,,,,,,,,,,,,,,,,,,,,,,,,,,,,,,,,,,,,,,,,,,,,,,,,,,0
brifo,anafu,niweidio,dolurio,clwyfo,difrodi,poeni,cleisio,brifo person,cael dolur,poenus,brifo anifail anwes,brifo anifail gwyllt,brifo rhywbeth,curo,hitio,achosi poen,briwio,brifo aelod o'r teulu,gloes,bod yn ddolurus,anafu rhywbeth,taro,cwffio,gwynegu,archolli,anafu rhywun,drwg,,,,,,,,,,,,,,,,,,,,,,,,,,,,,,,,,,,,,,,,,,,,,,,,,,,,,,,,,,,,,,,,,,,,0
brwydr,rhyfel,gornest,ymladd,gwrthdaro,ymladdfa,cad,gwrthdrawiad,terfysg,cwffio,ymosodiad,ymryson,ffraeo,lladdfa,helynt,trin,trais,anghydfod,ymrafael,rhyfela,anghytundeb,ymgyrch,cyrch,cyflafan,maes,cweryl,gwrthryfel,cystadleuaeth,gwaed,ysgarmes,,,,,,,,,,,,,,,,,,,,,,,,,,,,,,,,,,,,,,,,,,,,,,,,,,,,,,,,,,,,,,,,,,0
bryd,ewyllys,dymuniad,bwriad,penderfyniad,meddwl,amcan,bwriadu,tuedd,awyddus,pwrpas,tyb,nerth,diben,dyfal,gobeithion,grym,awydd,nod,dyhead,angerdd,ewyllys haearnaidd,gobeithio,mynnu,ewyllys ddurol,disgyblaeth,barn,,,,,,,,,,,,,,,,,,,,,,,,,,,,,,,,,,,,,,,,,,,,,,,,,,,,,,,,,,,,,,,,,,,,,0
buddugol,ennill,llwyddiannus,trechu,gorchfygol,buddugoliaethus,arobryn,pencampwraig,gorchfygu,wedi ennill,enillydd,yn derbyn,cyntaf,pencampwr,gorfoleddus,enillwr,wedi'i ddyfarnu,trech,curo,gorau,cyrraedd,ar y tu blaen,goruchafiaeth,buddugol,maeddu,cwblhau,haeddiannol,balchder,grymus,llwyddiant,ar y brig,,,,,,,,,,,,,,,,,,,,,,,,,,,,,,,,,,,,,,,,,,,,,,,,,,,,,,,,,,,,,,,,,0
byd,y ddaear,planed,natur,byd-eang,bydysawd,bydoedd,bywyd,hollfyd,glob,y glob,maes,glôb,grŵp,bydau,daearen,cread,henfyd,creadigaeth,hoedl,cysawd yr haul,bydol,y trydydd byd,gofod,,,,,,,,,,,,,,,,,,,,,,,,,,,,,,,,,,,,,,,,,,,,,,,,,,,,,,,,,,,,,,,,,,,,,,,,0
byw,bodoli,preswylio,bod,ymgartrefu,anadlu,oesi,trigo,bywyd,trigiannu,bodolaeth,cyfanheddu,hoedl,heneiddio,einioes,goroesi,parhau,goddef,genedigaeth,ymsefydlu,aros,cartrefu,oes,egni,bywiog,byrlymus,heini,sionc,egniol,siriol,ysbrydol,hoenus,gwyllt,nwyfus,chwareus,bywiol,diddan,hwyliog,difyrrus,chwim,egnïol,ysbrydiol,gwisgi,llawen,afieithus,ystwyth,llon,hynawf,hoyw,ffit,diddorol,actif,,,,,,,,,,,,,,,,,,,,,,,,,,,,,,,,,,,,,,,,,,,,0
bywyd,bodolaeth,einioes,oes,byw,hoedl,amser,bod,enaid,bywiogrwydd,calon,buchedd,cyfnod,bodoli,cwrs,profiad,tyfiant,dynol,hanfod,cofiant,person,marwolaeth,,,,,,,,,,,,,,,,,,,,,,,,,,,,,,,,,,,,,,,,,,,,,,,,,,,,,,,,,,,,,,,,,,,,,,,,,,0
cadw,arbed,cynnal,dal,pocedu,cael,storio,gwarchod,casglu,derbyn,gorthwr,cynilo,gwrarchod,cario,safio,cadw rheol,rheoli,diogelu,cadw addewid,rhoi,achub,cadw at draddodiad,celcio,meddiannu,rhoi o'r neilltu,amddiffyn,rhoi o'r golwg,,,,,,,,,,,,,,,,,,,,,,,,,,,,,,,,,,,,,,,,,,,,,,,,,,,,,,,,,,,,,,,,,,,,,0
cael,meddu,derbyn,perchnogi,ennill,caffael,ymofyn,darganfod,perthyn,bod â,perchen,hawlio,medru,piau,meddu ar,perchenogi,meddiannu,elwa,cymryd,cadw,dod o hyd i,rheoli,derbyn rhywbeth,berchen ar,gyda,gallu,ennill rhywbeth,cyrraedd,casglu,meddiannwr,bod yn berchen,sicrhau,perchennog,bwrw,,,,,,,,,,,,,,,,,,,,,,,,,,,,,,,,,,,,,,,,,,,,,,,,,,,,,,,,,,,,,,0
cefnogol,calonogol,cynorthwyol,ffafriol,ategol,o blaid,pleidiol,adborth,sbarduno,ysgogol,cadarnhaol,cynhorthwyol,cymwynasgar,calanogol,caredig,cyfochrog,annog,cyfrannol,cytuno,defnyddiol,yn gefnogol o,cynorthwyo,cyflenwol,nawddogl,yn cefnogi,helpu,cymeradwyo,ategu,cyfrannu,rhoi cefnogaeth,adeiladol,addawol,gobeithiol,positif,cymell,,,,,,,,,,,,,,,,,,,,,,,,,,,,,,,,,,,,,,,,,,,,,,,,,,,,,,,,,,,,,0
ceisio,ymgeisio,trio,ymdrechu,cynnig,ymegnio,anelu,trïo,rhoi cynnig ar,osio,cynnig  (ar),profi,dymuno,ymdrechu i,dilyn,ymgymryd,ceisio gwenu,gorchwyl,taclo,erfyn,ymdrech,ymegnïo,mentro,ceisio coginio,brwydro,disgwyl,ceisio pobi,arbrofi,prawf,ymbilio,ceisio trafod,argeisio,ymofyn,arbrawf,cyrchu,,,,,,,,,,,,,,,,,,,,,,,,,,,,,,,,,,,,,,,,,,,,,,,,,,,,,,,,,,,,,0
cenedlaethol,gwladol,cyhoeddus,sifil,gwlad,cymunedol,domestig,amgueddfa cenedlaethol,gwladolyn,ar lefel genedlaethol,cyngerdd cenedlaethol,ffederal,cenedlaetholdeb,llywodraethiant,cenedl,rhaglen cenedlaethol,mewnol,llywodraethol,elusen cenedlaethol,cenhedlig,gwaedoliaeth,siop cenedlaethol,rhywogaeth,cymdeithasol,cynhenid,math,brodorol,cartef,rhanbarthol,dosbarth,cymdeithas,pobl,taleithiol,,,,,,,,,,,,,,,,,,,,,,,,,,,,,,,,,,,,,,,,,,,,,,,,,,,,,,,,,,,,,,,0
chwilio,edrych,chwilota,ymchwilio,disgwyl,teimlo,archwilio,sbio,edrych am,chwilio am eiddo,sbïo,tremio,chwilio am ddillad,ymholi,chwilio am lyfr,craffu (ar),bwrw golwg,ceisio,ymofyn,chwilio am gysur,ciledrych,ceisio gweld,arolygu,sbio (am),gwirio,syllu,archwiio,chwilio am drwbl,cribo,cipolwg,chwilmanta,darganfod,gweld,golwg,ceisio darganfod,palfalu,goruwchwylio,tyrchu,,,,,,,,,,,,,,,,,,,,,,,,,,,,,,,,,,,,,,,,,,,,,,,,,,,,,,,,,,0
chwythu,rhuo,anadlu,awel,cwthwm,chwythu balŵn,gwynt,allyrru,dyrnod,chwythu canhwyllau,allanadlu,awelu,ergyd,chwibiannu,chwythu offeryn,codi'n wynt,cam dywydd,goranadlu,tymestl,swaden,llifo,chwyth,byrstio,dyhefod,corwynt,chwythu chwiban,ebychu,gwichian,hedfan,chwythu ffliwt,trawiad,anadlu'n drwm,tywydd garw,drafft,ochneidio,stormus,,,,,,,,,,,,,,,,,,,,,,,,,,,,,,,,,,,,,,,,,,,,,,,,,,,,,,,,,,,,0
cig,bwyd,cnawd,maeth,cigach,newyn,cigwr,cig coch,cyw iâr,briwgig,cig a gwaed,anifail,cig amrwd,bywyd,cig gwyn,cig oen,cig berw,corff,bwyta,lluniaeth,cig bras,bîff,anifeiliaid,porc,cig byw,cyhyr,ymborth,craidd,cynhaliaeth,maethlon,twrci,mater,amrwd,gwaed,cig eidion,coginio,cig moch,protein,cignoeth,cigog,,,,,,,,,,,,,,,,,,,,,,,,,,,,,,,,,,,,,,,,,,,,,,,,,,,,,,,,0
clywed,gwrando,cipglywed,clustfeinio,swn,synhwyro,sylw,defnyddio'r glust,profi,clywed sain,darganfod,amgyffred,camglywed,clywed cerddoriaeth,dysgu,siarad,digwydd clywed,deall,arogl,clywed ochenaid,canolbwyntio,difa,clywed cyhoeddiad,swynnwyr,trafod,clywed neges,clywed blas,recordio,sylweddoli,ymglywed,clywed arogl,clustiau,clust,,,,,,,,,,,,,,,,,,,,,,,,,,,,,,,,,,,,,,,,,,,,,,,,,,,,,,,,,,,,,,,0
coch,fflamgoch,rhuddgoch,ysgarlad,cringoch,dugoch,awyr coch,purgoch,lliw,afal coch,browngoch,coch golau,lliw gwaed,rhosyn,esgidiau coch,cochliw,bwrgwyn,coch tywyll,brown,rhwd,fflam,mwclis coch,cymru,breichled coch,ceirios,carmin,cochi,cochddu,addurniadau coch,calon,gwin coch,clustog coch,gwin,gwaed,clustdlysau coch,beic coch,anweddus,anghwrtais,digywilydd,gwael,brwnt,amharchus,anfoesgar,hy,di-chwaeth,anghywrain,taeog,cyntefig,anghelfydd,crai,swrth,dilornus,aflednais,amrwd,anwybodus,dirmygus,annymunol,di-foes,digwrtais,tila,anfedrus,amheus,anhyfedr,anghoeth,di-barch,anhydrin,eofn,anwaraidd,haerllug,,,,,,,,,,,,,,,,,,,,,,,,,,,0
codi,dyrchafu,cynyddu,magu,adeiladu,esgyn,aflonyddu,cynhyrchu,codi aeliau,hel,meithrin,achosi,codi calon,atgyfodi,chwyddo,creu,codi ysbryd,deffro,codiad,tyfu,dringo,codi hwyliau,gwneud,codi,codi bocs,neidio,tarddu,cyfodi,casglu,cynhyrfu,cwyd,,,,,,,,,,,,,,,,,,,,,,,,,,,,,,,,,,,,,,,,,,,,,,,,,,,,,,,,,,,,,,,,,0
cofio,atgofio,meddwl,dwyn i gof,atgoffa,ystyried,coffau,adnabod,cadw mewn cof,galw i gof,dathlu,gwybod,atgofion,cof,gorffennol,dysgu,ail-fyw,bod ar gof,edrych yn ol,meistroli,colli,crybwyll,,,,,,,,,,,,,,,,,,,,,,,,,,,,,,,,,,,,,,,,,,,,,,,,,,,,,,,,,,,,,,,,,,,,,,,,,,0
coll,colledig,absennol,ar goll,anghofiedig,anifail coll,ar ddisberod,diflan,o'i le,allweddi coll,yn eisiau,diflanu,diobaith,manylion coll,cyfrgoll,cudd,rhan coll,ar gyfeiliorn,crwydro,ffwrdd,wedi mynd,nodwedd coll,camosod,ar gyfeillorn,cuddio,disberpd,fforffed,diflannu,aneglur,colled,diffyg,difrod,gwendid,profedigaeth,niwed,galar,angau,damwain,nam,marwolaeth,gofid,colledigaeth,profediagaeth,trychineb,dioddefaint,methiant,ffaeledd,poen,annigonedd,anffawd,diflaniad,penwendid,prinder,trallod,gwallgofrwydd,diffygiad,,,,,,,,,,,,,,,,,,,,,,,,,,,,,,,,,,,,,,,,0
comisiwn,dirprwyaeth,gwaith,bonws,pwyllgor,awdurdod,ffi,gorfodaeth,cyfarwyddo,tâl,dirprwyo,gorchwyl,cyflogi,hyfforddi,cenhadaeth,tasg,swydd,cyflogaeth,neges,mudiad,prosiect,apwyntio,comisiynu,sefydliad,taliad,anfonog,penodi,goruchwylio,menter,swyddogaeth,asiantaeth,swyddfa,dyletswydd,,,,,,,,,,,,,,,,,,,,,,,,,,,,,,,,,,,,,,,,,,,,,,,,,,,,,,,,,,,,,,,0
craffu,syllu,edrych,tremio,gweld,gwylio,rhythu,llygadu,arsyllu,canfod,sylweddoli,sylwi,edmygu,llygadrythu,canolbwyntio,archwilio,arsylwi,arolygu,craffu (ar),ysbio,,,,,,,,,,,,,,,,,,,,,,,,,,,,,,,,,,,,,,,,,,,,,,,,,,,,,,,,,,,,,,,,,,,,,,,,,,,,0
crafu,cosi,cripio,sgrafellu,rhwbio,cripian,crafangu,rwbio,sgrapo,trachwantu,sgathru,rhathu,pigo,marcio,marc,crafu briw,crafiad,mefl,ysgythru,crafu dolur,rhathellu,rhygnu,cosfa,niweidio,pawennu,engrafu,crafu toriad,ysgraffinio,ysu,niwed,anghytuno,ffraeo,dadlau,cweryla,anghydweld,cecru,ymbil,gwrthdaro,bargeinio,erfyn,apelio,cecrus,crafangu,crefu,ffrygydau,gofyn,sgraffinio,anghydfod,eisiau,rhygnu,bicran,codi stŵr,ysgyrnygu,sgrafellu,trafferth,cripio,,,,,,,,,,,,,,,,,,,,,,,,,,,,,,,,,,,,,,,,0
credu,coelio,meddwl,tybio,hyderu,dychmygu,ymddiried,cred,gobeithio,teimlo,disgwyl,barn,ffyddiog,angerddol,ystyried,rhagdybio,seilio,seilio ffydd ar,deall,cymryd,dyfalu,selio ffydd ar,cydnabod,,,,,,,,,,,,,,,,,,,,,,,,,,,,,,,,,,,,,,,,,,,,,,,,,,,,,,,,,,,,,,,,,,,,,,,,,0
creu,cynhyrchu,gwneud,adeiladu,llunio,cyfansoddi,dyfeisio,dylunio,cynllunio,sefydlu,artistig,rhoi,cenhedlu,achosi,ffurfio,saernïo,cyflwyno,gweithgynhyrchu,darganfod,saernio,cwyd,peri,dychymyg,tyfu,,,,,,,,,,,,,,,,,,,,,,,,,,,,,,,,,,,,,,,,,,,,,,,,,,,,,,,,,,,,,,,,,,,,,,,,0
creulon,cas,milain,didostur,didrugaredd,brwnt,chwerw,ciaidd,barbaraidd,cras,annymunol,ymosodol,ffyrnig,annifyr,dideimlad,anghynnes,dienaid,llym,gwydlon,aflafar,annynol,digydwybod,garw,anwar,diarbed,ffiaidd,anhrugarog,ansensitif,budr,,,,,,,,,,,,,,,,,,,,,,,,,,,,,,,,,,,,,,,,,,,,,,,,,,,,,,,,,,,,,,,,,,,0
crynhoi,cwtogi,casglu,byrhau,cywasgu,amlinellu,talfyrru,gwneud yn fyrrach,crynhoi rhywbeth,crynhoi dadl,cynnull,ymgasglu,ailwampio,crynhoi safbwynt,crynodeb,crynhoi tystiolaeth,crisialu,symio,lleihau,cyddwyso,crynhoi mewn casgliad,deall,cronni,torri,ailardodd,crynhoi cynnwys,hel,pentyrru,crynodebu,gwneud yn llai,,,,,,,,,,,,,,,,,,,,,,,,,,,,,,,,,,,,,,,,,,,,,,,,,,,,,,,,,,,,,,,,,,0
cwestiynu,holi,gofyn,amau,stilio,croesholi,archwilio,ymchwilio,bwrw amheuaeth,herio,ymholi,arholi,ceisio,ymofyn,drwgdybio,posau,dadlau,profi,deall,bwrw amheuaeth ar,testun,,,,,,,,,,,,,,,,,,,,,,,,,,,,,,,,,,,,,,,,,,,,,,,,,,,,,,,,,,,,,,,,,,,,,,,,,,,0
cwmni,cwmpeini,cyfeillgarwch,criw,cymdeithas,cymuned,cysylltiad,ffrindiau,cymdeithasu,parti,cwmniaeth,cyfeillach,cwmni da,cwmnïaeth,cydymaith,cyfeillion,cymar,mintai,cwmni drwg,cwmni,ffrind,casgliad o bobl,cwmni cymdeithasol,sgwrsio,clwb,grwp,treulio amser,llu,tîm,cylch,pobl,cyngor,corff,agosrwydd,busnes,gwaith,masnach,menter,sefydliad,cymdeithas,cyflogwr,cwmni teithiol,gorfforaeth,corfflu,safle,crefft,cwmni cyd-ddaliannol,partneriaid,clwb,grŵp,mudiad,cwmni cydgyfalaf,criw,corffolaeth,corff,maes,gwasanaeth,bywoliaeth,corfforaeth,arbenigedd,cwmni cyfyngedig,cymuned,cwmni anghyfyngedig,corpws,cwmni cynorthwyol,cyngor,asiantaeth,cwmni canghennol,,,,,,,,,,,,,,,,,,,,,,,,,,,,0
cwrs,rhaglen,cyfeiriad,cwricwlwm,llwybr,gyrfa,rhediad,cwrsio,gwersi,cwrs anrhydedd,cwrs addysg,system,cwrs ôl-raddedig,cynllun,gwers,cwrs golff,astudio,cwrs o fwyd,polisi,gradd,cwrs israddedig,maes astudiaeth,cwrs interniaeth,lle rasio,cyfres,astudiaeth,datblygiad,ehediad,cwrs antur,trywydd,pryd,ffordd,cyfnod,llygru,anonest,diegwyddor,llwgr,llygredig,amhûr,drwg,twyllordus,amhur,dirywiedig,difetha,pyrdu,madru,twyllodrus,pydredig,pwdr,aflan,braenu,halogi,braenllyd,anfoesegol,camarweiniol,madreddog,amheus,caled,garw,anonestrwydd,,,,,,,,,,,,,,,,,,,,,,,,,,,,,,,,,,,,0
cyfaill,ffrind,cydymaith,cymar,perthynas,mêt,cyfaill,partner,anwylyd,cwmni,cymwynaswr,cyfeilles,cyfoed,cyd-weithiwr,ffrind gorau,ffrind da,met,cwmniwr,brawd,cyplysu,cyfeillgarwch,cyfarwydd,ymddiriedolaeth,,,,,,,,,,,,,,,,,,,,,,,,,,,,,,,,,,,,,,,,,,,,,,,,,,,,,,,,,,,,,,,,,,,,,,,,,0
cyffredinol,arferol,cyffredin,bras,aml,cyson,yn gyffredin,comin,cyfarwydd,wedi'i rannu,poblogaidd,normal,byd-eang,beunyddiol,gweddol,adnabyddus,cymedrol,mynych,naturiol,yn perthyn i bawb,syml,yr un peth,derbyniad,cyfun,rheolaidd,cylchol,cydwladol,yn perthyn i bopeth,cytir,nodweddiadol,,,,,,,,,,,,,,,,,,,,,,,,,,,,,,,,,,,,,,,,,,,,,,,,,,,,,,,,,,,,,,,,,,0
cyfiawnhau,amddiffyn,cyfreithloni,unioni,esgusodi,dadlau,haeddu,dadlau achos,cadarnhau,dilysu,cywirio,rhesymoli,eiriolwr,cyfrif am,egluro,teilyngu,taeru,adfocadu,esbonio,haeru,rhesymu,rhyddhau o fai,diheuro,honni,apelio,cymwynas,eglurhad,cyfamodi,cefnogi,,,,,,,,,,,,,,,,,,,,,,,,,,,,,,,,,,,,,,,,,,,,,,,,,,,,,,,,,,,,,,,,,,,0
cyfle,siawns,agoriad,hap,cynnig,damwain,tebygolrwydd,achub ar gyfle,damweiniol,profiad,dal ar gyfle,annisgwyl,amser,ffawd,bachu ar gyfle,ar hap,drws,gobaith,cyfleuster,cyfle euraidd,addas,esgus,ffliwc,cyfleus,lwcus,adeg fanteisiol,lwc,digwyddiad,ffodus,anlwcus,tynged,mentro,gamblo,,,,,,,,,,,,,,,,,,,,,,,,,,,,,,,,,,,,,,,,,,,,,,,,,,,,,,,,,,,,,,,0
cyflwyno,arddangos,datgan,trosglwyddo,perfformio,rhoi,gwobrwyo,cyflwyno rhywbeth,cyhoeddi,cyfrannu,cyflwyniad,cynhyrchu,cyflwyno rhywun,datgan enw,anrhegu,cyflwyno drama,rhoddi,traddodi,rhannu,cyflwyno golygfa ysblennydd,cyflwyno strategaeth,cyflwyno gwybodaeth,darlleniad,amlygu,cynnig,dangos,ymgyflwyno,neilltuo,hyrwyddo,argymell,,,,,,,,,,,,,,,,,,,,,,,,,,,,,,,,,,,,,,,,,,,,,,,,,,,,,,,,,,,,,,,,,,0
cyfnewid,newid,ffeirio,amnewid,trwco,trosglwyddo,cyfnewid llyfr,masnachu,cyfnewid dilledyn,cyfnewidfa,masnach,trosi,addasiad,cyfnewid potel,gwahanol,cyfnewidfa stoc,rhoi a derbyn,cyfnewid bwyd,trosiad,cyfnewid ticedi,rhwydwaith,amrywiad,ymgyfnewid,newidiaeth,switsio,trawsffurfiad,cyfnewid menyg,,,,,,,,,,,,,,,,,,,,,,,,,,,,,,,,,,,,,,,,,,,,,,,,,,,,,,,,,,,,,,,,,,,,,0
cyfnod,adeg,oes,amser,gorgyfnod,cenhedlaeth,sesiwn,ysbaid o amser,gorffennol,uned o flynyddoedd,sbel,hanes,cyfnod o amser,amser a fu,pryd,blynyddoedd,presennol,cyfnod byr,cyfnod,cylch,epoc,cyfnod hir,misoedd,bywyd,dyfodol,wythnosau,dydd,diwrnodiau,tymor,,,,,,,,,,,,,,,,,,,,,,,,,,,,,,,,,,,,,,,,,,,,,,,,,,,,,,,,,,,,,,,,,,,0
cyhoeddi,argraffu,datgan,datgelu,lledaenu,hysbysebu,gwybodaeth,cyflwyno,cyhoeddi llyfr,cynhyrchiad,cyfleu,cyhoeddi nofel,datguddio,dosbarthu,cylchredeg,cynhyrchu,hyrwyddo,cyhoeddi erthygl,darlledu,hysbysu,cyhoeddi testun,gwasgaru,traethu,dadlennu,cyhoeddi ffynhonell,amgylchu,rhannu,rhoi gwybodaeth,adrodd,mynegi,argfraffu,adroddiad,,,,,,,,,,,,,,,,,,,,,,,,,,,,,,,,,,,,,,,,,,,,,,,,,,,,,,,,,,,,,,,,0
cyhoeddus,agored,hysbys,cyffredin,gwybyddus,cymunedol,poblogaidd,coedd,cymdeithasol,sifil,ar goedd,cyffredinol,gwybodus,trefol,amlwg i bawb,neges cyhoeddus,cyfrannol,cyfarwydd,dinesig,pobl,cyfunol,i bawb,perthyn i bawb,,,,,,,,,,,,,,,,,,,,,,,,,,,,,,,,,,,,,,,,,,,,,,,,,,,,,,,,,,,,,,,,,,,,,,,,,0
cymaint,cynifer,llawer,niferus,sawl,nifer,mawr,aml,lluosog,cymaint o bobl,llwyth,digon,cymaint o drafod am,mor fawr,mor niferus,digonedd,faint,cymaint o werth,yr un faint,gormod,cymaint o sylw,llaweroedd,cymaint o nodweddion i'r,wmbredd,helaeth,helaethrwydd,brith,amryw,cyffredin,,,,,,,,,,,,,,,,,,,,,,,,,,,,,,,,,,,,,,,,,,,,,,,,,,,,,,,,,,,,,,,,,,,0
cymdeithasol,cyfeillgar,cymdeithasgar,croesawgar,allblyg,caredig,hynaws,cymdeithasu,grwp,sifil,mewnblyg,siaradus,ymadawol,calonnog,sgwrsio,gwresog,yn cymysgu gydag eraill,treulio amser,cynnes,cyhoeddus,cordial,hyfryd,cymdogol,croesawus,hoffus,hyderus,cymysgu,lletygar,siarad,cydymaith,clebran,agored,,,,,,,,,,,,,,,,,,,,,,,,,,,,,,,,,,,,,,,,,,,,,,,,,,,,,,,,,,,,,,,,0
cymryd,cipio,dwyn,derbyn,bachu,mynd â,cael,meddiannu,cymryd yn ganiataol,gafael,cwyd,mynd,dilyn,casglu,cymryd amser,benthyg,pocedu,tybio,cymryd anadl,dal,cymryd at galon,torri,dychwelyd,mynd a,perchnogi,meddu,perchenogi,ffilmio,,,,,,,,,,,,,,,,,,,,,,,,,,,,,,,,,,,,,,,,,,,,,,,,,,,,,,,,,,,,,,,,,,,,0
cynilo,arbed,safio,cadw,casglu,rheoli,diogelu,achub,rhoi i gadw,darbodus,cyfoeth,crintachu,gwared,rhoi wrth gefn,storio,cynnal,cynilo,hepgor,gofalu,gofalu am arian,gwarchod,arbed arian,cadw arian,blaendal,,,,,,,,,,,,,,,,,,,,,,,,,,,,,,,,,,,,,,,,,,,,,,,,,,,,,,,,,,,,,,,,,,,,,,,,0
cynnal,cadw,arofalu,amddiffyn,haeru,cefnogi,dal,ategu,gofalu,cadarnhau,gofalu am,rheoli,meithrin,trwsio,atgyfnerthu,gwarchod,cyfnerthu,parhad,parhau,magu,achub,gwrachod,honni,atgyweirio,diogelu,maethu,ennyn,,,,,,,,,,,,,,,,,,,,,,,,,,,,,,,,,,,,,,,,,,,,,,,,,,,,,,,,,,,,,,,,,,,,,0
cynnar,buan,boreol,bore,cynamserol,ffres,cyn pryd,plygeiniol,cychwynnol,fuan,sydyn,diweddar,mewn amser da,annhymig,newydd,crai,gwely cynnar,cyntaf,anamserol,irion,cinio cynnar,cyntefig,mewn da bryd,swper cynnar,amserol,cyn yr amser penodedig,parod,cynt,blaenorol,,,,,,,,,,,,,,,,,,,,,,,,,,,,,,,,,,,,,,,,,,,,,,,,,,,,,,,,,,,,,,,,,,,0
cyntaf,prif,ar y blaen,arweiniol,sylfaenol,pennaf,dechreuol,blaen,agoriadol,cychwynnol,dechrau,gwreiddiol,y tro cyntaf,cychwynol,blaenaf,ei benblwydd cyntaf,arwain,cyflymaf,ei siwrna cyntaf,curo,unfed,y cyntaf o ebrill,cyntefig,cynnar,enillydd,byw ar y llawr cyntaf,cynharaf,agroiadol,hynaf,,,,,,,,,,,,,,,,,,,,,,,,,,,,,,,,,,,,,,,,,,,,,,,,,,,,,,,,,,,,,,,,,,,0
cyrraedd,dod,glanio,ymddangos,dyfod,cyrraedd adref,arddangos,cyrraedd y gweithle,troi fyny,dŵad,cyrraedd y dref,ymestyn,agosau,agosáu,ymweld,ymweld â,cyrraedd yr orsaf,cofrestru,mynediad,mynychu,nesáu,pigo draw,cyrraedd y pentref,croeso,lleoliad,llwyddo,ymrithio,digwyddiad,estyn,gallu,,,,,,,,,,,,,,,,,,,,,,,,,,,,,,,,,,,,,,,,,,,,,,,,,,,,,,,,,,,,,,,,,,0
cysylltu,ymuno,uno,clymu,cyfuno,cydio,cydgysylltu,cyfrannu,ymaelodi,asio,cydweithredu,uniadu,cyfarfod,cyplysu,cyplu,cyraedd,cyduno,cyfannu,dilyn,cyswllt,gwneud yn un,cyfranogi,uniad,perthynas,pontio,cydosod,,,,,,,,,,,,,,,,,,,,,,,,,,,,,,,,,,,,,,,,,,,,,,,,,,,,,,,,,,,,,,,,,,,,,,0
da,buddiol,lles,gwych,addas,rhyfeddol,gweddus,daioni,ardderchog,llesol,dibechod,teg,safonol,arbennig,iawn,cyfiawn,positif,derbyniol,budd,canmoladwy,daionus,conmoladwy,ffafriol,ffodus,cyfreithlon,bendigedig,rhagorol,pleserus,caredig,ffantastig,boddhaol,aruthrol,campus,penigamp,cymeradwy,gwerthfawr,digonol,rhinweddol,gwartheg,buchod,gyr,teirw,anifeiliaid,stoc,lloi,ychen,buwch,ych,buches,llo,eiddo,gyrroedd,lloeau,eidion,bwrw llo,bystych,da byw,cyfoeth,fferm,meddiant,heffer,tarw,bustach,,,,,,,,,,,,,,,,,,,,,,,,,,,,,,,,,0
dal,gafael,cydio,bachu,maglu,goddef,dalfa,hel,ymateb synhwyrol,cymryd,cadw,cipio,helfa,crafangu,corlannu,glynu,arestio,dala,gwasgu,trapio,ymaflyd,dal annwyd,cynnal,mynd a,anhawster,clicied,dal bws,daliwr,goddiweddyd,dilyn,,,,,,,,,,,,,,,,,,,,,,,,,,,,,,,,,,,,,,,,,,,,,,,,,,,,,,,,,,,,,,,,,,0
dangos,arddangos,amlygu,datguddio,cyflwyno,cyfleu,mynegi,datgelu,adlewyrchu,dysgu,dadlennu,dadorchuddio,dangosiad,esbonio,egluro,perfformio,cynrychioli,sefydlu,hysbysu,arwain,gwneud yn hysbys,gwneud yn amlwg,sioe,,,,,,,,,,,,,,,,,,,,,,,,,,,,,,,,,,,,,,,,,,,,,,,,,,,,,,,,,,,,,,,,,,,,,,,,,0
darllen,dehongli,deall,astudio,edrych,llygaid,darllen nodiadau,cyfieithu,prawfddarllen,amgyffred,dysgu,diffinio,sbio,esbonio,sganio,arsylwi,adnabod,darllen llyfr,gwybod,scanio,archwilio,derbyn gwybodaeth,dadansoddi,darllen testun,darllen yn uchel,darllenadwy,darllen arwydd,cyfeirio,trosi,gweld,darllen erthygl,cof,darllen nofel,cyfathrebu,geiriau,darllen cyfarwyddiadau,,,,,,,,,,,,,,,,,,,,,,,,,,,,,,,,,,,,,,,,,,,,,,,,,,,,,,,,,,,,0
datblygu,gwella,esblygu,ehangu,tyfu,aeddfedu,prifio,datblygu caethiwed,meithrin,datblygu sgiliau,ymhelaethu,altro,cynyddu,cynnydd,datblygu angerdd at,datblygu cariad at,cynydd,ffurfio,ychwanegu,ymestyn,ymledu,datblygu teimladau at,newid er gwell,creu,magu,egnio,ymffurfio,lledu,,,,,,,,,,,,,,,,,,,,,,,,,,,,,,,,,,,,,,,,,,,,,,,,,,,,,,,,,,,,,,,,,,,,0
dechrau,cychwyn,tarddu,lansio,dechrau mynd i'r gwersi,dechrau darn o waith,gwraidd,mynd,tasgu,creu,symud,cynhyrchu,cyflwyniad,dechrau mynd i'r sesiynau,sefydlu,mynd ati,man cychwyn,dechrau mynd i'r darlithoedd,dechreuad,sylfaenu,dyddio,tanio,hyfforddi,agoriad,gwawrio,gwawr,bwrw ati,dechrau bwyta ffrwythau,bwrw iddi,geni,dydd,codi,gafael ynddi,dechreuad,cychwyniad,tarddiad,agoriad,gwreiddyn,man cychwyn,gwraidd,cychwyn,ffynhonnell,sylfaen,rhan gyntaf,gwawr,dyddiau cynnar,mantais,ynydiad,genedigaeth,lansiad,sefydlu,sylfaenu,lansio,gwanwyn,geni,cyffroad,sail,deilliad,,,,,,,,,,,,,,,,,,,,,,,,,,,,,,,,,,,,,,0
defnyddio,manteisio,trin,arfer,gwneud defnydd o,llawio,defnyddio allwedd,trafod,gweithio,defnyddio gliniadur,cymryd,defnyddio rhwber,rheoli,ymdopi,buddiol,gweithredu,defnyddio cynhwysydd,llesol,defnyddio sebon,trefnu,gwasanaethu,hylaw,deunydd,ymwneud â,delio â,cymorth,triniaeth,cyfarwyddo,gwasanaeth,paratoi,ymdrin â,,,,,,,,,,,,,,,,,,,,,,,,,,,,,,,,,,,,,,,,,,,,,,,,,,,,,,,,,,,,,,,,,0
derbyn,cymryd,croesawu,cytuno,dygymod,arddel,cydnabod,cael,ennill,goddef,cydnabyddiaeth,bodloni,crosawu,cymeradwyo,ildio,cydsynio,dod i delerau â,addef,cyfaddef,caniatau,ymgymryd,cyfarch,cyffesu,dod i dderbyn,croeso,coelio,caffael,cymryd yn ganiataol,,,,,,,,,,,,,,,,,,,,,,,,,,,,,,,,,,,,,,,,,,,,,,,,,,,,,,,,,,,,,,,,,,,,0
diddorol,difyr,adloniadol,diddan,difyrrus,swynol,nodedig,hudol,dymunol,diddanus,deniadol,cyffrous,chwilfrydig,diddanu,pleserus,cynhyrfiol,apelgar,boddhaol,anarferol,ymchwilgar,hudolus,yn dal sylw,lliwgar,cymhellol,dengar,cymell,o ddirddordeb,,,,,,,,,,,,,,,,,,,,,,,,,,,,,,,,,,,,,,,,,,,,,,,,,,,,,,,,,,,,,,,,,,,,,0
digwydd,damweinio,darfod,ymddangos,digwyddiad,hapio,materoli,dilyn,taro,canlyniad,canlyniad rhywbeth,datblygu,deillio,codi,materioli,pasio,achos,ffawd,gweithred,cynnal,tro,effaith,trydarthu,siawns,siawns,cyfle,hap,damwain,posibilrwydd,agoriad,ffawdd,tebygolrwydd,ar hap,cynnig,tebgrwydd,hapio,mentro,agoriad drws,rhagolwg,achlysurol,annisgwyl,lwc,digwydd bod,gobaith,ffawd,anlwc,tynged,,,,,,,,,,,,,,,,,,,,,,,,,,,,,,,,,,,,,,,,,,,,,,,,,0
dilyn,olynu,canlyn,mynd ar ôl,dynwared,digwydd o ganlyniad,dilyn trywydd,deall,olrhain,dilyn galwedigaeth,copio,gwybod,glynu,ymlynu,copïo,ufuddhau,efelychu,dilyn gwirionedd,cydymffurfio,erlid,mynd gyda,cadw,uffuddhau,dilyn cyfraith,cadw at,dilyn crefft,gwneud copi,cyfeilio,ymlid,cyddeithio,mynd,mynd ar drywydd,dilyn achos,bod yn ufudd,helfa,cwrsio,hela,dilynwr,,,,,,,,,,,,,,,,,,,,,,,,,,,,,,,,,,,,,,,,,,,,,,,,,,,,,,,,,,0
dinistrio,chwalu,difetha,difrodi,difa,diwreiddio,distrywio,difodi,andwyo,dad-wneud,malu,diddymu,rhacsio,torri,creu llanast,dryllio,sarnu,gwasgu,datgymalu,chwilfriwio,anrheithio,lladd,niweidio,,,,,,,,,,,,,,,,,,,,,,,,,,,,,,,,,,,,,,,,,,,,,,,,,,,,,,,,,,,,,,,,,,,,,,,,,0
diolch,diolchgarwch,gwerthfawrogiad,cydnabyddiaeth,bendith,gwerthfawrogi,canmoliaeth,cwrtais,cariad,diolch yn fawr,diolchgar,mawl,adnabyddiaeth,canmol,cyndabyddiaeth,dyledus,parchu,arbrisio,clod,mynegiant,parch,cymeradwyo,edmygedd,gwynfydedig,,,,,,,,,,,,,,,,,,,,,,,,,,,,,,,,,,,,,,,,,,,,,,,,,,,,,,,,,,,,,,,,,,,,,,,,0
disglair,gloyw,llachar,sgleiniog,llathraidd,araul,pefriol,pelydrol,caboledig,croyw,yn fflachio,golau,fflachio,pelydryn,llathredig,llewyrchus,pelydrus,coeth,drychweddu,claer,adlewyrchol,gwyn,gwawr,clear,clyfar,medrus,dawnus,galluog,deallus,penigamp,arbennig,peniog,craff,talentog,synhwyrol,siarp,abl,llewyrchus,gwybodus,deheuig,rhagorol,miniog,cynhyrchiol,awenus,ffyniannus,doeth,da,cymwys,,,,,,,,,,,,,,,,,,,,,,,,,,,,,,,,,,,,,,,,,,,,,,,,0
diwedd,terfyn,gorffen,diweddglo,diweddiad,cwblhad,diben,gorffeniad,pen,man gorffen,cwblhau,man darfod,casgliad,pen draw,cyrchfan,canlyniad,rhan olaf,cau,ymddeol,clo,terfyniad,terfynol,marwolaeth,darfod,nod,darfyddiad,tranc,cyflawnaid,tynged,,,,,,,,,,,,,,,,,,,,,,,,,,,,,,,,,,,,,,,,,,,,,,,,,,,,,,,,,,,,,,,,,,,0
diweddar,newydd,modern,cyfoes,newydd ddigwydd,ffres,heddiw,hwyr,ar ôl amser,ymadawedig,ar ei hôl hi,hyd heddiw,diogel,presennol,ffasiynol,yn perthyn i'r presennol,positif,yn perthyn i'r gorffennol agos,diweddariad,cyfredol,amser,marw,yn y dyddiau hyn,ifanc,diau,,,,,,,,,,,,,,,,,,,,,,,,,,,,,,,,,,,,,,,,,,,,,,,,,,,,,,,,,,,,,,,,,,,,,,,0
diwethaf,olaf,terfynol,diweddar,blaenorol,y gair diwethaf,gorffenedig,y frenhines diwethaf,gorffen yn olaf,gorffen,diweddu,blwyddyn diwethaf,diweddaraf,marwolaeth,colli,casgliad,mis diwethaf,agos,cynt,dibennu,methu,pennaf,caeedig,y cartref diwethaf,cwblhau,darfod,diwedd,eithaf,,,,,,,,,,,,,,,,,,,,,,,,,,,,,,,,,,,,,,,,,,,,,,,,,,,,,,,,,,,,,,,,,,,,0
diwrnod,dydd,cyfnod,undydd,adeg,dwthwn,dyddgwaith,amser,diwrnod,bore,pedair awr ar hugain,nos,deuddydd,diwrnod gwaith,hyd,beunydd,dyddiad,diwrnod agored,oes,eilddydd,dyddio,dyddiol,diwrnod haul,dyddiau,canol dydd,diwrnod hyfforddi,dechrau'r dydd,drannoeth,wythnos,heddiw,diwedd y dydd,24 awr,,,,,,,,,,,,,,,,,,,,,,,,,,,,,,,,,,,,,,,,,,,,,,,,,,,,,,,,,,,,,,,,0
dod,cyrraedd,dyfod,agosau,treiddio,nesáu,nesaf,cyrraedd rhywle,symud,closio,dilyn,ymddangos yn rhywle,cyfagos,dŵad,ymddangos,gerllaw,dwad,dod i gasgliad,agosáu,dod i dermau â,dynesu,agos,dod i delerau â,blaenu,ar y ffordd,digwydd,cynyddu,glanio,nesau,teithio,mynd,crwydro,ergyd,cerdded,,,,,,,,,,,,,,,,,,,,,,,,,,,,,,,,,,,,,,,,,,,,,,,,,,,,,,,,,,,,,,0
drwg,gwael,anfoesol,cas,niweidiol,annuwiol,llygredig,ofnadwy,annerbyniol,andwyol,sbwriel,pechadurus,annymunol,sâl,rhad,tila,peryglus,diwerth,anghymeradwy,cras,siomedig,llym,anfoddhaol,erchyll,drygionus,anfedrus,esgeulus,anweddus,amherffaith,annigonol,trist,direidi,drygioni,drygionus,direidus,anfoesol,niwed,cythreuldeb,anfadrwydd,celwydd,camymddwyn,trygionus,malais,camymddygiad,cellwair,camwedd,dihirwch,cambyhafio,sbeit,hwyl ddiniwed,trychineb,difrodi,mileindra,chwareusrwydd,gwael,troseddu,gweithred ddrwg,twyll,bwriadol,atgasedd,annymunol,fandaliaeth,cas,niweidiol,anffawd,drwg,niweidio,pechadurus,trosedd,anfad,anfadwaith,andwyo,,,,,,,,,,,,,,,,,,,,,,,,0
dweud,siarad,mynegi,adrodd,ynganu,datgan,llefaru,cyfathrebu,lleisio,traethu,sgwrsio,gorchymyn,ymadrodd,sôn,honni,cyhoeddi,hawlio,cynanu,yngan,tybio,llais,rhoi gwybod,crybwyll,trafod,,,,,,,,,,,,,,,,,,,,,,,,,,,,,,,,,,,,,,,,,,,,,,,,,,,,,,,,,,,,,,,,,,,,,,,,0
dydd,diwrnod,undydd,pedair awr ar hugain,cyfnod,amser,dwthwn,adeg,dyddgwaith,golau haul,ddoe,yfory,dydd gwaith,deuddydd,beunydd,dyddiad,echddoe,eilddydd,dyddio,trennydd,dyddiau,canol dydd,trannoeth,bore,prynhawn,drannoeth,dechrau'r dydd,heddiw,diwedd y dydd,24 awr,,,,,,,,,,,,,,,,,,,,,,,,,,,,,,,,,,,,,,,,,,,,,,,,,,,,,,,,,,,,,,,,,,0
dynodi,arwyddo,dangos,golygu,mynegi,nodi,awgrymu,cyfleu,ysgrifennu,i ddangos,anodi,i nodweddu,enwebu,cyhoeddi,clustnodi,cyfeirio at,cynodi,datgan,i awgrymu,cynrychioli,i adlewyrchu,penu,i atgyfnerthu,bwriadu,ymhlygu,arwyddocâd,profi,cyfeirio,sillafu,pennu,pwyntio,,,,,,,,,,,,,,,,,,,,,,,,,,,,,,,,,,,,,,,,,,,,,,,,,,,,,,,,,,,,,,,,,0
dysgu,astudio,addysgu,meistroli,hyfforddi,deall,myfyrio,llyfrau,ymarfer,darganfod,dod i wybod,dod i ddeall,datrys,derbyn gwybodaeth,diwyllio,hyfforddiant,meistrioli,ymroi i ymarfer,amgyffred,rhoi addysg,sylweddoli,cymathu,dod yn fedrus,rheoli,ymgyfarwyddo,meithrin,gwybodaeth,cyfarwyddo,gwaith,ennill gwybodaeth,gwybod,tasg,adolygu,ysgol,,,,,,,,,,,,,,,,,,,,,,,,,,,,,,,,,,,,,,,,,,,,,,,,,,,,,,,,,,,,,,0
edrych,gwylio,syllu,craffu,gweld,sbio,tremu,llygadrythu,cipolwg,bwrw golwg,llygadu,archwilio,golwg,bwrw golwg ar,sylwi,tremio,disgwyl,ysbio,edmygu,sylweddoli,trem,edrychiad,wynebu,yli,ceisio gweld,defnyddio'r llygaid,ymddangos,,,,,,,,,,,,,,,,,,,,,,,,,,,,,,,,,,,,,,,,,,,,,,,,,,,,,,,,,,,,,,,,,,,,,0
egwyddor,sail,sylfaen,cynsail,hanfod,teg,argyhoeddiad,cred,egwyddorol,moes,moeseg,maesau,gosodiad,craidd,athrawiaeth,uniondeb,deddf,cod,rheswm,gwir,elfen,gwirionedd,moesoldeb,rheol,tybiaeth,moesol,dogma,rhinwedd,cyfiawn,gonest,,,,,,,,,,,,,,,,,,,,,,,,,,,,,,,,,,,,,,,,,,,,,,,,,,,,,,,,,,,,,,,,,,0
eisiau,dymuno,angen,awydd,chwant,awchu,isio,awydd i,cais,ymofyn,efryn,llwgu,prinder,ysfa i,blysio,dymuno cael,eisiau gwaith,hiraethu,eisiau bwyd,crefu,gobeithio,gofyn,eisiau diod,hiraeth,ffansio,tlodi,amddifadedd,absenoldeb,newyn,,,,,,,,,,,,,,,,,,,,,,,,,,,,,,,,,,,,,,,,,,,,,,,,,,,,,,,,,,,,,,,,,,,0
elusen,cardod,haelioni,sefydliad,rhodd,mudiad,caredigrwydd,lloches,achos da,mudiad elusennol,ail law,rhodd i'r tlawd,cyfraniad,cronfa,elusengarwch,gweithred dda o drugaredd,cyfrannu,cymwynasgarwch,ariannu,menter,rhoddi,haelfrydig,nawdd,cymorth,lles,dyngarwch,rhoi,tosturi,nodi,cymwynas,cefnogaeth,tlodi,,,,,,,,,,,,,,,,,,,,,,,,,,,,,,,,,,,,,,,,,,,,,,,,,,,,,,,,,,,,,,,,0
enw,cyfenw,galw,enw cyntaf,llysenw,enwi,teitl,term,rhywbeth,enwad,dodi enw ar,cydnabod,hunaniaeth,person,ffugenw,ail enw,unigryw,gwreiddiol,adnabod,ffug enw,enw olaf,rhywun,enw bedydd,bedyddio,dyfynnu,canfod,bedydd,unigoliaeth,dodi enw,enwebu,,,,,,,,,,,,,,,,,,,,,,,,,,,,,,,,,,,,,,,,,,,,,,,,,,,,,,,,,,,,,,,,,,0
ffordd,heol,lôn,priffordd,llwybr,lon,stryd,cwrs,traffordd,wtra,angorfa,lon gefn,beidr,mynedfa,rhewl,ffurf,dwyffordd,tramwyfa,taith,trac,cyfeiriad,dull,modd,siwrne,pellter,medir,modd,dull,agwedd,arfer,ffurf,osgo,ymarweddiad,arferiad,cynllun,arddull,proses,ymarferiad,ymddygiad,diwyg,gwedd,ffordd o fod,trefn,cyfle,cyfarwyddiadau,cyfrwng,ymagweddiad,ymddangosiad,moesau,patrwm,hunaniaeth,person,,,,,,,,,,,,,,,,,,,,,,,,,,,,,,,,,,,,,,,,,,,,0
gadael,mynd,ymadael,symud,encilio,ffarwelio,ffoi,ymddeol,diflannu,dianc,denig,afiaith,codi pac,cymynrodd,hedfan y nyth,cefnu,cymynnu,cychwyn,crwydro,hedfan,gwyliau,cefnu ar,darfod,caniatad,mynd ymaith,diardddel,,,,,,,,,,,,,,,,,,,,,,,,,,,,,,,,,,,,,,,,,,,,,,,,,,,,,,,,,,,,,,,,,,,,,,0
gair,neges,sgwrs,addewid,geiryn,siarad,geirio,rhan o frawddeg,araith,cyfarchiad,brawddeg,sain,llw,ymddiddan,gair benthyg,enw,adduned,dywediad,term,gair gorchmynnol,newydd,addo,tafodiaith,gwarantu,iaith,cyhoeddiad,annerchiad,trafodaeth,acen,mynegiant,,,,,,,,,,,,,,,,,,,,,,,,,,,,,,,,,,,,,,,,,,,,,,,,,,,,,,,,,,,,,,,,,,0
gallu,medru,abl,galluog,cymwys,cael,ar gael i,addas,gwybod,yn rhydd i,bod,ar gael,bod yn abl,yn fodlon,medrus,o gwmpas,capasiti,digonol,rhydd,sut,yn awyddus i,cyfleus,yn,yn hyderus i,chwannog,hwylus,gallu,priodol,tueddol,abledd,medr,cymhwysedd,medrusrwydd,abl,medrus,hyfedredd,yn gymwys,arbenigedd,galluog,galluoedd,sgil,atebol,parod,cymhwyster,digonol,gallu,nerth,profiadol,medru,priodoldeb,meddu'r grym,gwedduster,sgiliau,cymwys,dawn,tueddfryd,grym,effeithiolrwydd,addasrwydd,awdurdod,pwer,deheurwydd,galluedd,cryfder,,,,,,,,,,,,,,,,,,,,,,,,,,,,,,,,0
gofyn,cwestiynu,holi,ymholi,herio,erchi,ymofyn,galw,amau,gofyniad,ceisio,cais,bwrw amheuaeth,ymbil,sialensio,ymorol,ansicr,ymchwilio,ymgynhori,ansicrwydd,dymuno,gwahodd,erfyn,chwilfrydedd,apelio,croesholi,cwestiynnu,mynnu,ymgais,cais,erfyn,galw,ceisio,deisyfiad,ymbil,apelio,ymholiad,appelio,gofyn am rywbeth,dymuniad,dymuno,erfyn ar rywun am rywbeth,galw am,galw am rywbeth,gwahoddiad,ymgais,deisebu,pleidio,awydd,apêl,gofyniad,gofyn caniatâd,gorchymyn,eiriol,angen,eisiau,prinder,gwahodd,arch,archeb,,,,,,,,,,,,,,,,,,,,,,,,,,,,,,,,,,,,0
gorfod,rhwymedigaeth,gorfodaeth,rheidrwydd,cyfrifoldeb,rhaid,dyletswydd,angen,ymrwymiad,cytundeb,anghenraid,atebolrwydd,contract,dodi rhywun i,dyled,cymhelliad,swydd,gorfod,baich,cyfrifodeb,rhaid,gorfodaeth,dyletswydd,rheidrwydd,rhwymedigaeth,angen,arddodi,anghenraid,dyled,gorfod,angenrheidiol,cyfrifoldeb,hanfodol,gordd,bod dan rwymedigaeth,cymhelliad,rôl,ymrwymiad,angenrheidrwydd,diolchgarwch,,,,,,,,,,,,,,,,,,,,,,,,,,,,,,,,,,,,,,,,,,,,,,,,,,,,,,,,0
gwahanol,annhebyg,amrywiol,unigryw,anghyffelyb,anghyffredin,rhyfedd,gwrthgyferbyniol,cyferbyniol,arall,dieithr,amgen,eraill,cyferbyniad,amryw,ddim yn debyg,anghonfensiynol,unigol,eithriadol,anghyfarwydd,cyferbynniol,anghydffurfiol,newydd,rhyfeddol,gwahaniaethadwy,,,,,,,,,,,,,,,,,,,,,,,,,,,,,,,,,,,,,,,,,,,,,,,,,,,,,,,,,,,,,,,,,,,,,,,0
gwahodd,croesawu,denu,cynnig,dymuno,gofyn,estyn gwahoddiad,gwadd,cyfarfod,gwahodd rhywun i,galw,croeso,gofyn i rhywun ddod,annog rhywun i ddod,annog,cais,gwahoddiad,mynnu rhywun i ddod,perswadio rhywun i ddod,apelio,erfyn,cynnig i rhywun ddod,cyfarch,atynnu,derbyn,galwad,perswadio,deisyfu,,,,,,,,,,,,,,,,,,,,,,,,,,,,,,,,,,,,,,,,,,,,,,,,,,,,,,,,,,,,,,,,,,,,0
gwaith,llafur,swydd,bywoliaeth,tasg,galwedigaeth,gorchwyl,dyletswydd,masnach,gweithio,cyflogaeth,labro,gyrfa,gweithiwr,llafurio,gweithwyr,ymdrech,gweithle,swyddogaeth,baich,gweithred,gweithfan,gweithdy,gweithgaredd,proffesiwn,cynhaliaeth,busnes,crefft,,,,,,,,,,,,,,,,,,,,,,,,,,,,,,,,,,,,,,,,,,,,,,,,,,,,,,,,,,,,,,,,,,,,0
gwasanaeth,oedfa,dyletswydd,cymorth,cynhaliaeth,gwaith,cwrdd,swydd,gwasanaeth meddygol,cyfarfod,gwasanaeth angladdol,help,gwasanaeth boreol,cymwynas,gwasanaeth caled,darpariaeth,cymanfa,serfiad,gwasanaethu,gwasanaeth crefyddol,ymgynnull,busnes,addoliad cyhoeddus,gwasanaeth cyhoeddus,pregeth,defnydd,gweini,gwasanaeth cymdeithasol,serf,cynhorthwy,addoliad,gwybodaeth,lles,gwasanaeth darlledu,cynulliad,gwasanaeth gwladol,adnodd,gwasanaeth iechyd,ufudd-dod,,,,,,,,,,,,,,,,,,,,,,,,,,,,,,,,,,,,,,,,,,,,,,,,,,,,,,,,,0
gwefan,tudalen,rhwydwaith,gwybodaeth,rhyngrwyd,fforwm,tudalen we,cronfa data,safle wê,safle gwe,rhyngrhwyd,gwe,we fyd-eang,platfform cymdeithasol,gwefannau cymdeithasol,dolen,gweinydd,busnes,llwyfan cymdeithasol,peiriant chwilio,cyfryngau,porwr gwe,cysylltiad,cwmni,safle,ar-lein,cysylltu,gwefan bersonol,arbenigedd,archwilio,gwefan busnes,gwefan blog,,,,,,,,,,,,,,,,,,,,,,,,,,,,,,,,,,,,,,,,,,,,,,,,,,,,,,,,,,,,,,,,0
gweithio,llafurio,gweithredu,labro,ymdrechu,gwneud gwaith,gorchwyl,gweithio'n effeithiol,cyflogedig,dyletswydd,tasg,gwneud,gweithio'n effeithlon,gwasanaethu,cyfiawnhau,masnach,gweithgaredd,cydweithio,dyletswyddau,rheoli,gweithiwr,dygnu arni,diwydiant,cynhyrchu,ymdrech,asesiad,swyddi,gweithle,rhedeg,llwyddo,gweithiwr cyflogedig,rhwymedigaeth,ymlafnio,perfformiad,,,,,,,,,,,,,,,,,,,,,,,,,,,,,,,,,,,,,,,,,,,,,,,,,,,,,,,,,,,,,,0
gweld,edrych,canfod,sylweddoli,gweled,arsylwi,gwylio,cip,sylwi,esgobaeth,adnabod,chwilio,dychmygu,amgyffred,deall,cipolwg,dallt,craffu,trem,cadw llygad ar,ystyried,dirnad,syllu,golwg,sbecian,goruchwylio,ymchwilio,ymweld,darganfod,sbio,,,,,,,,,,,,,,,,,,,,,,,,,,,,,,,,,,,,,,,,,,,,,,,,,,,,,,,,,,,,,,,,,,0
gwlad,cenedl,gwladwriaeth,tir,teyrnas,tiriogaeth,bro,cartref,cefn gwlad,ardal,daear,brodir,talaith,cymuned,gwledig,pobl,mamwlad,gwladaidd,tud,gwladgarwch,hunaniaeth,sir,daearyddiaeth,diwylliant,cendlaeth,brenhiniaeth,tywysoageth,arglwyddiaeth,baner,,,,,,,,,,,,,,,,,,,,,,,,,,,,,,,,,,,,,,,,,,,,,,,,,,,,,,,,,,,,,,,,,,,0
gwneud,gweithredu,cyflawni,cynhyrchu,ymgymryd,dyfeisio,creu,saernio,llunio,cwblhau,cyfansoddi,llwyddo,cyflawni rhywbeth,ffurfio,gwireddu,ennill,cwblhau rhywbeth,paratoi,rhoi mewn grym,gorffen,creu rhywbeth,gwario amser,cynhyrchu rhywbeth,adeiladu,peri,paratoi rhywbeth,ymgymryd â rhywbeth,derbyniad,codi,dad-wneud,achosi,trin,ffug,artiffisial,annaturiol,anwir,synthetig,gosod,dosbarthiad gwneud,defnydd,porthladd gwneud,deallusrwydd artiffisial,llwgr,dannedd gosod,deunydd,anwiredd,gwneuthuredig,sidan gwneud,drwg,gwneuthuriedig,cyfansoddiadol,,,,,,,,,,,,,,,,,,,,,,,,,,,,,,,,,,,,,,,,,,,,,0
gwreiddiol,sylfaenol,cychwynnol,unigryw,cyntaf,dechreuol,cyntefig,cynharaf,ffres,cysefin,hanfodol,newydd,arloesol,hen,creadigol,dilys,gwerthfawr,dychmygus,cynnar,anghonfensiynol,blaen,dyfeisgar,tarddiad,dechreuad,gwraidd,ffynhonnell,gwreiddyn,cynhenid,tarddle,brodorol,cychwyniad,haniad,man cychwyn,cysefin,achos dechreuol,cartref,tarddbwynt,genedigath,cenedl,mebyd,gwawr,cychwyn,yn enedigol o,llinach,cyntaf,perthynas,yn hanu o,dylanwad,sylfaen,deilliad,,,,,,,,,,,,,,,,,,,,,,,,,,,,,,,,,,,,,,,,,,,,,,0
gwybod,adnabod,deall,amgyffred,sylweddoli,gweld,dirnad,ymwybodol,gwybodus,cydnabod,medru,dysgu,canfod,bod yn gyfarwydd â,dealltwriaeth,profi,ar gof,medrus,sylwi,synied,teimlo,meddu ar wybodaeth,arddel,,,,,,,,,,,,,,,,,,,,,,,,,,,,,,,,,,,,,,,,,,,,,,,,,,,,,,,,,,,,,,,,,,,,,,,,,0
gwybodaeth,ffeithiau,data,manylion,dealltwriaeth,gwybodus,ffaith,cyngor,amgyffrediad,cyfarwyddiadau,llenyddiaeth,deallus,tystiolaeth,hysbysrwydd,adroddiad,dealltwraeth,canfyddiad,gwirionedd,esboniadol,neges,canolfan wybodaeth,adrodd,synnwyr,astudiaeth,cywirdeb,hysbysebiad,adnabyddiaeth,hysbysiad,cyhoeddi,swynnwyr,amgyffred,dysgu,cydnabyddiaeth,dirnad,addysg,addysgiadol,,,,,,,,,,,,,,,,,,,,,,,,,,,,,,,,,,,,,,,,,,,,,,,,,,,,,,,,,,,,0
gwych,ardderchog,rhagorol,campus,da,canmoladwy,ysblennydd,penigamp,brenhinol,dethol,godidog,bendigedig,gret,rhyfeddol,gwiw,eithriadol,da iawn,llwyddiannus,odiaeth,mawreddog,teg,ffantastig,ysblenydd,,,,,,,,,,,,,,,,,,,,,,,,,,,,,,,,,,,,,,,,,,,,,,,,,,,,,,,,,,,,,,,,,,,,,,,,,0
hanes,gorffennol,chwedl,stori,cefndir,cofnod,hanes teuluol,cyfnod,hanesyddiaeth,hanesydd,hanes achos,oes,hanesyddol,adroddiad,cyfrif,traddodiad,hanes crefyddau,erthygl,crynodeb,llyfr hanes,hanes cymdeithasol,portread,perthynas,cronicl,hanes amaethyddiaeth,digywddiad o'r gorffennol,datganiad,hanesyn,hanes eglwysig,cyfarwyddyd,hanes sefydliadau,hanes y gyfraith,hanes ardal,hanesiaeth,digwyddiad,,,,,,,,,,,,,,,,,,,,,,,,,,,,,,,,,,,,,,,,,,,,,,,,,,,,,,,,,,,,,0
hapus,llawen,bodlon,dedwydd,siriol,llon,hwyliog,cyffrous,cysurus,mewn hwyliau da,dymunol,wrth ei fodd,diddig,ffodus,diddan,balch,gwynfedig,diwarafun,gwynfydedig,gwyn ei fyd,braf,,,,,,,,,,,,,,,,,,,,,,,,,,,,,,,,,,,,,,,,,,,,,,,,,,,,,,,,,,,,,,,,,,,,,,,,,,,0
hawdd,syml,rhwydd,diymdrech,hwylus,didrafferth,anffurfiol,cyfleus,didraffaerth,amlwg,dirwystr,diffwdan,hydrin,hygyrch,di-boen,esmwyth,anghymhleth,heb fod yn galed,cyraeddadwy,parod,dilestair,,,,,,,,,,,,,,,,,,,,,,,,,,,,,,,,,,,,,,,,,,,,,,,,,,,,,,,,,,,,,,,,,,,,,,,,,,,0
helpu,cynorthwyo,cefnogi,cymorth,argymell,cymorthi,rhoi cymorth i,rhoi cyngor i,cyngori,rhwyddhau,cyfrannu,rhoi arweiniad i,cyd-dynnu,lleddfu,help llaw,cysuro,bod yn gefn,ategu,rhoi cymorth,cyfarwyddo,arweiniad,lliniaru,rhoi cefnogaeth i,cynghori,rhoi help llaw,arwain,bod yn llesol,hwyluso,bod o fudd,hyfforddi,gwasnaeth,gwasanaeth,cefnogaeth,hwylsuo,nerthu,calonogi,budd,cynhaliaeth,estyn cymorth,,,,,,,,,,,,,,,,,,,,,,,,,,,,,,,,,,,,,,,,,,,,,,,,,,,,,,,,,0
hen,hynafol,oedrannus,henaidd,aeddfed,hŷn,henffasiwn,llwyd,cyntefig,henaint,cyfarwydd,wedi aeddfedu,oedran,gwreiddiol,heneiddio,euddfed,traddodiadol,hybarch,gwybodus,wedi hir-wreiddio,llegach,sefydlog,blinedig,doeth,,,,,,,,,,,,,,,,,,,,,,,,,,,,,,,,,,,,,,,,,,,,,,,,,,,,,,,,,,,,,,,,,,,,,,,,0
heol,stryd,ffordd,lôn,llwybr,rhodfa,trac,priffordd,mynedfa,lon,pafin,cwrs,tramwyfa,beidr,palmant,heol gefn,heol,modd,heol fawr,traffordd,heol gart,dull,wtra,teithio,troedffordd,pellter,,,,,,,,,,,,,,,,,,,,,,,,,,,,,,,,,,,,,,,,,,,,,,,,,,,,,,,,,,,,,,,,,,,,,,0
hir,maith,hirfaith,hirwyntog,mawr,pell,llaes,tal,araf,hyd,mesuriad,hirlaes,am amser maith,llawer o amser,llydan,taith hir,hiraethu,amser hir,hwyr,ehangedig,estyngedig,estynedig,cwmpasog,mawr ei hyd,mwy na'r cyffredin,dyheu,diderfyn,uchel,diddiwedd,dwfn,,,,,,,,,,,,,,,,,,,,,,,,,,,,,,,,,,,,,,,,,,,,,,,,,,,,,,,,,,,,,,,,,,0
hoffi,licio,mwynhau,caru,bod yn hoff o,joio,parchu,barn,edmygu,addoli,ymfalchio,gwerthfawrogi,ymhyfrydu yn,ffafrio,serchu,edmygu rhywbeth,dymuno,caru rhywbeth,pleserus,parchu rhywbeth,ffansio,anrhydeddu,rhyfeddu,pleseru,cael pleser,angerdd,chwant,anwylo,wrth ei fodd,ymhyfrydu,serch,teimlad,,,,,,,,,,,,,,,,,,,,,,,,,,,,,,,,,,,,,,,,,,,,,,,,,,,,,,,,,,,,,,,,0
hwylus,cyfleus,hylaw,hawdd,rhwydd,didrafferth,ar bwys,ar gael,cyfagos,cyfaddas,gerllaw,hygyrch,addas,o fewn cyrraedd,ffafriol,agos,pwrpasol,cyffyrddus,dymunol,gweddus,defnyddiol,cynorthwyol,parod,ger,wrth,iachus,iach,cryf,diglefyd,llesol,holliach,heini,bywiog,abl,bodlon,da,maethlon,egnïol,actif,grymus,balch,athletaidd,yn gwbl iach,gweithredol,egniol,digeflyd,normal,diymdrech,hawdd,llyfn,esmwyth,da,sefydlog,slic,hawdd ei ddefnyddio,braf,dirwystr,didrafferth,llwyddiannus,hyfryf,hawdd ei drin,rhwydd,cyson,llifo,heddychlon,cyfleus,heb fawr o drafferth,gwelliant,iawn,llonydd,digyffro,llifol,ffafriol,defnyddiol,effeithiol,di-ddigwyddiad,dymunol,graenus,tawel,,,,,,,,,,,,,,,,,0
hyd,pellter,meithder,mesuriad,lled,amser,pwythyn,hir,meithni,hydoedd,hirder,ystod,cwmpas,diamedr,gwagle,parhad,mesur,cyhyd,ehangder,bwlch,gofod,ymestyn,maint,parhau,ffordd,ysbaid,dimensiwn,hydion,llaten,estyniad,byr,ymerodrol,metrig,radiws,,,,,,,,,,,,,,,,,,,,,,,,,,,,,,,,,,,,,,,,,,,,,,,,,,,,,,,,,,,,,,0
hyll,erchyll,hagr,salw,amhrydferth,afiach,anhardd,gwrthun,annymunol,diolwg,grotesg,anolygus,diserch,od,plaen,annifyr,dybryd,ffiaidd,echrydus,anneniadol,aflunaidd,gwael,dirmygadwy,diofal,cas,drwg,ofnadwy,atgas,,,,,,,,,,,,,,,,,,,,,,,,,,,,,,,,,,,,,,,,,,,,,,,,,,,,,,,,,,,,,,,,,,,,0
iaith,mynegiant,ieithwedd,cyfathrebu,mamiaith,siarad,iaith arwyddion,cyfrwng,parabl,tafod,lleferydd,geiriau,tafodiaeth,acen,llafar,cyffes,diwylliant,rhyddiaith,cyfiaith,cymdeithas,tafodiaith,jargon,cyfuno geiriau,sgwrsio,iaith gorfforol,terminoleg,mynegiad,araith,hunaniaeth,llais,ymadrodd,gwladgarol,ar lafar,ieithoedd,sgwrs,dwyieithrwydd,,,,,,,,,,,,,,,,,,,,,,,,,,,,,,,,,,,,,,,,,,,,,,,,,,,,,,,,,,,,0
iawn,cywir,gwir,union,derbyniol,priodol,perffaith,da,ffeithiol,addas,cyfiawn,oce,golygu,manwl,di-fai,cyfreithlon,teg,diwygio,diamau,manwl gywir,di-nam,gonest,llym,safonol,di-wall,ffyddlon,gwella,gweddus,cyfaddas,disgyblu,tegwch,cyfiawnder,cywir,gonestrwydd,ustus,gwir,da,cyfiawnhau,rhesymoli,cyfiawndrer,cyfreithiol,eglurhad,uniondeb,cydraddoldeb,cyfiawnder naturiol,gwirionedd,integrol,ynad,dilysu,cyfartal,cyfiawnder gweithdrefnol,cyfiawnder dialgar,awdurdod,didueddrwydd,haeddiant,hafal,gonest,amddiffyn,cydradd,rhesymol,ffafriaeth,iawnderau,daioni,teilyngdod,moesoldeb,andros,tra,ofnadwy,gwir,yn dda iawn,dros ben,hynod,yn gryf iawn,arbennig,un,gor-,neilltuol,yn fedrus iawn,cywir,dychrynllyd,odiaeth,yn weithgar iawn,i'r eithaf,hollol,gormodol,eithraidol,derbyniol,yn ddirfawr,cymeradwy,yn felys iawn,ar y naw,yn sicr,amlwg,uffernol,eithafol,0
ifanc,anaeddfed,ieuanc,newydd,llancaidd,dibrofiad,iau,baban,ienanc,glas,ieuengrwydd,datblygol,amhrofiadol,llanc,glasoed,llencynnol,dyn ifanc,merch ifanc,gwyryfol,bach o oedran,diniwed,plentyn,tyfu,dysgu,bach,,,,,,,,,,,,,,,,,,,,,,,,,,,,,,,,,,,,,,,,,,,,,,,,,,,,,,,,,,,,,,,,,,,,,,,0
ildio,derbyn,ymostwng,plygu,ymollwng,anobeithio,gadael,ildio mewn brwydr,cynhyrchu,rhoi fyny,cnydio,rhoi gorau,ildio i ddadl,ildio i benderfyniad,cydymffurfio,gorffen,rhoi'r gorau i rhywbeth,ymddiswyddo,ffidl yn y to,ymgrymu,ildio i berson,diweddu,cyflenwad,cydnabod,swyno,darparu,cyfaddef,rhoi i mewn,gildio,caniatau,darfod,rhoi'r gorau i,terfynnu,paratoi,,,,,,,,,,,,,,,,,,,,,,,,,,,,,,,,,,,,,,,,,,,,,,,,,,,,,,,,,,,,,,0
is,o dan,isod,islaw,tanodd,obry,dirprwy,lawr,tan,dirprwyol,y llys isod,eilradd,danodd,y frawddeg isod,iselradd,y wybodaeth isod,israddol,oddi tan,gwael,fel y nodir isod,y tu isaf i,dan,goris,isel,heb fod cystal,ail mewn safle,,,,,,,,,,,,,,,,,,,,,,,,,,,,,,,,,,,,,,,,,,,,,,,,,,,,,,,,,,,,,,,,,,,,,,0
llawn,cyflawn,gorlawn,llond,mawr,yn llawn bywyd,yn llawn dop,llonaid,manwl,llawn dop,llwyr,pannu,llenwi,llawn gwynt,hollol,dan ei sang,i'r ymyl,cyfan,digonedd,llawn hyder,holl,eithaf,llawnder,paciedig,bodlon,digon,toreth,byrstio,absoliwt,helaethrwydd,llwythog,,,,,,,,,,,,,,,,,,,,,,,,,,,,,,,,,,,,,,,,,,,,,,,,,,,,,,,,,,,,,,,,,0
lle,lleoliad,safle,ardal,man,llecyn,bro,rhywle,mangre,parth,cymdogaeth,pwynt,rhanbarth,gosodiad,golygfa,maes,ble,lleoli,gofod,amgylchedd,lleoliadol,cynefin,lleol,talaith,cefndir,bwlch,,,,,,,,,,,,,,,,,,,,,,,,,,,,,,,,,,,,,,,,,,,,,,,,,,,,,,,,,,,,,,,,,,,,,,0
llefaru,siarad,pregethu,adrodd,mynegi,cyfathrebu,parablu,traethu,lleisio,cloncian,siarad yn gyhoeddus,areithio,trafod,dweud,traddodi,torri gair,datgan,mynnegi,ymadroddi,rhannu,cyhoeddi,ynganu,adrodd ar eiriau,annerch,seinio,ymadrodd,clebran,llais,rhoi anerchiad,,,,,,,,,,,,,,,,,,,,,,,,,,,,,,,,,,,,,,,,,,,,,,,,,,,,,,,,,,,,,,,,,,,0
lleol,cyfagos,agos,rhanbarthol,taleithiol,cymdogaeth,ardal,cartref,o'r ardal,o'r fro,wrth ymyl,cymunedol,brodorol,siop leol,bro,cyfarwydd,yn y cyffiniau,garej leol,cynefin,taleithol,tref,yn y cyffuniau,llyfrgell leol,cylch,o'r cylch,cynhenid,tir,cwmwd,dalgylch,cymdeithas,preswyl,amgylchedd,,,,,,,,,,,,,,,,,,,,,,,,,,,,,,,,,,,,,,,,,,,,,,,,,,,,,,,,,,,,,,,,0
llu,llawer,torf,criw,haid,tyrfa,catrawd,lliaws,lluosogrwydd,bagad,byddin,cwmwl,llwyth,nifer,niferus,nifer mawr,amryw,lleng,ystod,llu,sawl,gang,myrdd,mintai,swp,,,,,,,,,,,,,,,,,,,,,,,,,,,,,,,,,,,,,,,,,,,,,,,,,,,,,,,,,,,,,,,,,,,,,,,0
llun,darlun,portread,ffotograff,lluniad,delwedd,adlewyrchiad,drych,delfryd,delw,braslun,murlun,symbol,celf,arwyddlun,pictiwr,cerflun,dyluniad,ffigwr,diagram,paentiad,ffurf,edrychiad,hunlun,ffigur,camera,eicon,gwedd,patrwm,,,,,,,,,,,,,,,,,,,,,,,,,,,,,,,,,,,,,,,,,,,,,,,,,,,,,,,,,,,,,,,,,,,0
llusgo,tynnu,cludo,cario,ymlwybro,halio,symud,helcyd,llusgo traed,cropian,llusgo ei lais,llusgo geiriau,ymlusgo,mudiad,mynd yn araf,siffrwd,tyniad,gwrthiant,ymdroi,mygyn,cerdded yn araf,nod,amcan,,,,,,,,,,,,,,,,,,,,,,,,,,,,,,,,,,,,,,,,,,,,,,,,,,,,,,,,,,,,,,,,,,,,,,,,,0
llyfr,nofel,cyfrol,stori,cyhoeddiad,ffuglen,gwerslyfr,tudalennau,copi,cylchgrawn,testun,darllen,llyfryn,pamffled,llyfr testun,traethawd,stori fer,llyfr gweddi,argraffiad,ysgrifen,llyfr gosod,rhifyn,llogi,hurio,llyfrgell,llyfrau gleision,archebu,dehongli,adroddiad,cofnod,nodyn,llyfr cyfrifon,,,,,,,,,,,,,,,,,,,,,,,,,,,,,,,,,,,,,,,,,,,,,,,,,,,,,,,,,,,,,,,,0
llym,miniog,siarp,blaenllym,pigog,pigfain,awchlym,minllym,awchus,crafog,llem,llonnod,caled,craff,treiddgar,garw,gwydn,ysgithrog,main,danheddog,sur,blaenfain,conig,cras,cas,caled,garw,creulon,aflafar,didostur,milain,anfoesgar,ffyrnig,chwerw,difaol,brwnt,ysol,cryg,anghwtais,gerwindeb,aflafr,anhrugarog,didrugaredd,difrifol,anwaraidd,ciaidd,diarbed,egr,gerwin,anwar,,,,,,,,,,,,,,,,,,,,,,,,,,,,,,,,,,,,,,,,,,,,,,0
llyncu,yfed,bwyta,traflyncu,amlyncu,drachtio,llawcian,sugno,llyncu bwyd,traflwnc,llowcio,ymborthi,llyncu poer,gwennol,derbyn,llyncu meddyginiaeth,amsugno,llyncu'ch geiriau,jochiau,llyncu yn groes,llowc,llyncu gwaed,llyncu gormod,,,,,,,,,,,,,,,,,,,,,,,,,,,,,,,,,,,,,,,,,,,,,,,,,,,,,,,,,,,,,,,,,,,,,,,,,0
llywio,arwain,llywodraethu,rheoli,gweinyddu,arglwyddiaethu,cyfarwyddo,trefnu,tywys,goruchwylio,meistroli,disgyblu,arglwyddiaethu (ar),teyrnasu,arddweud,gofalu,gyrru,rheoleiddio,awdurdod,,,,,,,,,,,,,,,,,,,,,,,,,,,,,,,,,,,,,,,,,,,,,,,,,,,,,,,,,,,,,,,,,,,,,,,,,,,,,0
llywodraeth,gwladwriaeth,awdurdod,rheolaeth,gweinyddiaeth,awdurdodaeth,goruchwyliaeth,llywodraeth leol,awdurdodau,cyfraith,llywodraeth ganolog,grym,gwleidyddiaeth,llywodraeth gwlad,cyfundrefn,gweinyddol,rheoli,darpar lywodraeth,cyngor,dylanwad,undeb,goruchafiaeth,cenedl,plaid,pwer,arolygiaeth,trefn,arweiniad,,,,,,,,,,,,,,,,,,,,,,,,,,,,,,,,,,,,,,,,,,,,,,,,,,,,,,,,,,,,,,,,,,,,0
maint,swm,lled,hyd,mesur,taldra,uchder,seis,maintioli,swmp,cynnwys,trwch,meintiau,hyd a lled,mesuriad,dimensiwn,calibr,capasiti,mawr,pwysau,healaethrwydd,ehangder,corffolaeth,hir,helaethrwydd,helaethder,amrediad,nifer,cyfran,cyfaint,amlder,,,,,,,,,,,,,,,,,,,,,,,,,,,,,,,,,,,,,,,,,,,,,,,,,,,,,,,,,,,,,,,,,0
man,lle,lleoliad,safle,ardal,pwynt,llecyn,mangre,rhywle,rhanbarth,maes,gofod,golygfa,man argraffu,lled,man cyhoeddi,rhan,man cyfarfod,cymdogaeth,gosodiad,bro,man cychwyn,smotyn,marc,ploryn,brycheuyn,sbotyn,ysmotyn,pothell,toriad,mefl,llecyn,craith,nam,dot,staen,brycheun,tosau,amherffeithrwydd,afliwiad,llinorod,cramen,difwyno,croen,pothelli,chwydd,blotyn,casgliad,swigen,anaf,tosyn,llinoryn,,,,,,,,,,,,,,,,,,,,,,,,,,,,,,,,,,,,,,,,,,,,0
marwolaeth,angau,tranc,ymadawiad,diwedd bywyd,marw,diwedd,angladd,terfyn oes,dihenydd,darfod,symud ymlaen,wedi mynd,ymadawedig,pasio,profedigaeth,dioddefaint,gorffen,trallod,henaint,dinistr,profiad o boen,nefoedd,du,cymmanaeth,colled,uffern,cred,cynhebrwng,,,,,,,,,,,,,,,,,,,,,,,,,,,,,,,,,,,,,,,,,,,,,,,,,,,,,,,,,,,,,,,,,,,0
mawr,enfawr,anferth,swmpus,helaeth,eang,lluosog,tew,sylweddol,cawraidd,llydan,anferthol,niferus,bras,aruthrol,pwysig,trwchus,dychrynllyd,poblogaidd,maith,dirfawr,,,,,,,,,,,,,,,,,,,,,,,,,,,,,,,,,,,,,,,,,,,,,,,,,,,,,,,,,,,,,,,,,,,,,,,,,,,0
meddwl,ymennydd,pen,barn,cred,sylw,meddylfryd,ystyriaeth,safbwynt,meddwl agored,ymwybyddiaeth,coel,doeth,doethineb,meddwl cyfartal,deallusrwydd,dychymyg,bwriad,deall,deallusol,meddwl gwan,bryd,teimlo,trefnu syniadau,gwybodaeth,daliad,rhagdybio,synnwyr,myfyrio,cofio,barnu,adnabyddiaeth,ystyried,barn,tybio,rhagdybio,myfyrio,credu,safbwynt,amcanu,barnu,synfyfyrio,dod i gasgliad,meddyliau,cred,dychmygu,penderfynu,synio,sylweddoli,dod i benderfyniad,breuddwydio,syniad,cael syniad,bryd,coel,disgwyl am,tebygu,awgrymu,golygu,tyb,amgyffred,daliad,bwriadu,deall,cyfleu,teimlo,,,,,,,,,,,,,,,,,,,,,,,,,,,,,,0
meithrin,magu,maethu,mabwysiadu,gofalu,coleddu,annog,hyfforddi,gofalu am,llochesu,cymorthi,cefnogi,dwyn i fyny,anwylo,cysuro,dysgu,cynnal,tendio,goruwchwylio,trin,llochesi,rhoi ar ben ffordd,caru,maldodi,codi,mynwesu,noddi,,,,,,,,,,,,,,,,,,,,,,,,,,,,,,,,,,,,,,,,,,,,,,,,,,,,,,,,,,,,,,,,,,,,,0
mesur,pwyso,mesuro,maint,cymryd mesur,helaethder,tafoli,mesur pellter,cofnodi,maintoli,cyfrifo,cymryd hyd a lled,amcangyfrif,mesur cyflymder,graddfa,rhifo,gwirio,cloriannu,graddnodi,assesu,cyfrif,mesur pwysau,dogn,darganfod,hyd,cyfran,mesur cyfaint,safon,mesur tymheredd,lled,mesur grym,maintioli,asesu,pwyso a mesur,mesur egni,meintioli,arfarnu,nodi mesuriad,mydr,gwerthuso,diamedr,metru,ehangder,mesuriad,maint,dimensiwn,swm,cyfrifiant,pwysau,meintioli,graddiad,amcangyfrif,graddiant,cofnodiad,meintoliad,asesiad,dwysedd,cyfrifiad,hyd,diamedr,ffurf,ehangder,pwyso,dadansoddiad,hyd a lled,amledd,helaethder,lled,enrhifiad,cymhwysedd,helaethrwydd,cyfaint,nifer,,,,,,,,,,,,,,,,,,,,,,,0
mis,cyfnod,misol,amser,adeg,blwyddyn,tymor,mai,pedair wythnos,calendr,tymhorol,dyddiad,mis lleuad,bob mis,oes,tro,misoedd,mislif,rhan o flwyddyn,unwaith y mis,mis lloerol,misglwyf,newid,dwywaith y mis,diwrnod,cyfnod o amser,ionawr,presennol,sbel,deufis,dyfodol,chwefror,mis mêl,gorffennol,mawrth,ebrill,,,,,,,,,,,,,,,,,,,,,,,,,,,,,,,,,,,,,,,,,,,,,,,,,,,,,,,,,,,,0
mynd,myned,gadael,symud,rhodio,ymadael,diflannu,mentro,darfod,crwydro,cerdded,hedfan,mynd i rywle,cer,mynd i bysgota,mynd i siopa,rhedeg,cychwyn,mynd i'r deintydd,mynd i'r parti,fflio,mynd i gyfarfod,marw,hwylio,mynd i gerdded,trafeilio,bywiogrwydd,mynd i redeg,,,,,,,,,,,,,,,,,,,,,,,,,,,,,,,,,,,,,,,,,,,,,,,,,,,,,,,,,,,,,,,,,,,,0
neis,annwyl,caredig,dymunol,hyfryd,pleserus,braf,cwrtais,clên,atyniadol,del,teg,cyfeillgar,ffeind,cyffeillgar,deniadol,blasus,hoffus,clen,prydferth,hynaws,apeliadol,apelgar,ystyriol,swynol,,,,,,,,,,,,,,,,,,,,,,,,,,,,,,,,,,,,,,,,,,,,,,,,,,,,,,,,,,,,,,,,,,,,,,,0
nerfus,ofnus,gofidus,swil,pryderus,petrusgar,crynedig,cynhyrfus,dihyder,anesmwyth,cynhyrflyd,aflonydd,ffwdanus,mewnblyg,llidiog,anniddig,anhyderus,preyderus,rhusiog,tyn,distaw,ansad,poeni,poenus,,,,,,,,,,,,,,,,,,,,,,,,,,,,,,,,,,,,,,,,,,,,,,,,,,,,,,,,,,,,,,,,,,,,,,,,0
newid,cyfnewid,amnewid,addasu,altro,gweddnewid,trosi,amrywio,cymhwyso,newid pwnc,adolygu,trawsnewid,newid testun,adnewid,newid stori,newid dilledyn,datblygu,newid esgidiau,symudiad,gwahaniaethu,gwahanol,ailfeddwl,cyfaddasu,amrywiol,troi,amrywiad,chwyldro,tro,troi'n wahanol,gwahaniaeth,addasiad,amrywiad,addasu,trawsnewid,cyfnewid,newidiad,chwyldro,gweddnewidiad,arallgyfeirio,gwahanol,cymhwysiad,datblygu,diwygiad,gweddnewid,cyfnewidiad,amrywio,trawsffurfiad,altrad,adolygiad,adnewid,cymhwyso,gwneud gwahaniaeth,amnewid,adolygu,trawsnewidiad,tro,tröedigaeth,,,,,,,,,,,,,,,,,,,,,,,,,,,,,,,,,,,,,,,0
newydd,diweddar,anghyfarwydd,ffres,modern,newydd sbon,diethr,crai,dibrofiad,ifanc,wedi ei wneud,cyfoes,dieithr,heb ei ddefnyddio,glân,wedi ei ddarganfod,wahanol,anghynefin,ffasiynol,glan,datblygiedig,diwygiedig,ychwanegol,gwahanol,anghyffredin,ieuanc,arall,diwygiedif,,,,,,,,,,,,,,,,,,,,,,,,,,,,,,,,,,,,,,,,,,,,,,,,,,,,,,,,,,,,,,,,,,,,0
newyddion,gwybodaeth,cyhoeddiad,hanes,newydd,neges,stori,gwybodaeth ffres,datguddiad,ffeithiau,newyddiadurwr,straeon,gwybodaeth annisgwyl,hanes diweddar,newyddlen,stori newydd,cyfrif,hanesion,datganiad,adroddiad,bwletin,hanesion cyfoes,dyddiol,gwybodaeth ddiweddar,gohebydd,cyfoes,newyddion caled,newyddion lleol,papur newyddion,darlleniad,cymuned,newyddiaduraeth,teledu,radio,rhaglen,gair,,,,,,,,,,,,,,,,,,,,,,,,,,,,,,,,,,,,,,,,,,,,,,,,,,,,,,,,,,,,0
nifer,swm,llawer,cyfanswm,rhif,maint,rhai,sawl,cynifer,digonedd,swmp,llwyth,gwerth,lot,faint,nifer,aml,rhifo,cyfanrif,criw,lluosog,ystadegyn,grŵp,niferus,eithaf,ambell,,,,,,,,,,,,,,,,,,,,,,,,,,,,,,,,,,,,,,,,,,,,,,,,,,,,,,,,,,,,,,,,,,,,,,0
nodwedd,priodoledd,personoliaeth,priodwedd,agwedd,unigryw,hynodrwydd,rhinwedd,nodedig,nodwedd,unigol,cymeriad,hynod,arwedd,natur person,neilltuol,hunaniaeth,natur,gwahanredol,arfer,arbennig,gwedd,anian,osgo,personol,stamp,,,,,,,,,,,,,,,,,,,,,,,,,,,,,,,,,,,,,,,,,,,,,,,,,,,,,,,,,,,,,,,,,,,,,,0
normal,cyffredin,arferol,rheolaidd,naturiol,cyson,derbyniol,safonol,traddodiadol,nodweddiadol,cyfferdin,defodol,fel arfer,cyffredinol,confensiynol,syml,boddhaol,canolig,trefn,,,,,,,,,,,,,,,,,,,,,,,,,,,,,,,,,,,,,,,,,,,,,,,,,,,,,,,,,,,,,,,,,,,,,,,,,,,,,0
oed,oedran,aeddfedu,einioes,oes,henaint,cyfnod,hyd oes,hyd bywyd,heneiddio,cenhedlaeth,ieuenctid,adeg,rhif,henoed,canol oed,bywyd,aeddfedrwydd,ienectid,blwyddyn,amser,blynedd,ifanc,hen,cenedlaeth,iau,penblwydd,hŷn,oedrannus,,,,,,,,,,,,,,,,,,,,,,,,,,,,,,,,,,,,,,,,,,,,,,,,,,,,,,,,,,,,,,,,,,,0
oedfa,gwasanaeth,cymanfa,cynulliad,cwrdd,cyfarfod,addoliad,cyngres,crefydd,cyfarfod crefyddol,gwasanaeth crefyddol,serfiad,cynulliad crefyddol,gweddi,cynhadledd crefyddol,pregeth,seremoni,crynwyr,darlith,casgliad crefyddol,heddwch,ysbaid,cymun,grwp o bobl,ffydd,boreol weddi,achlysur,harddwch,mass,sefydliad crefyddol,,,,,,,,,,,,,,,,,,,,,,,,,,,,,,,,,,,,,,,,,,,,,,,,,,,,,,,,,,,,,,,,,,0
olaf,diwethaf,terfynol,gorffen,y dasg olaf,colli,y wers olaf,lest,y gystadleuaeth olaf,diben,diweddar,eithaf,gorffen yn olaf,blaenorol,y dawns olaf,terfyn,agos,cynt,lleiaf,methu,pennaf,darfod,y rhaglen olaf,gorffenedig,llynedd,diweddglo,y daith olaf,gorffennol,cyflawn,diwedd,,,,,,,,,,,,,,,,,,,,,,,,,,,,,,,,,,,,,,,,,,,,,,,,,,,,,,,,,,,,,,,,,,0
parod,bodlon,cyfleus,cymwynasgar,cymwys,ewyllysgar,calonnog,didrafferth,hygyrch,parod at y nadolig,parod at y daith,wedi'i baratoi,ewyllsgar,diymdroi,rhwydd,parod at y wers,gwasanaethgar,hwylus,paratoi,parod at y ddarlith,priodol,parodrwydd,trefnu,disgwylgar,parod i weld ffrind,hylaw,amodol,hawdd,wedi paratoi,,,,,,,,,,,,,,,,,,,,,,,,,,,,,,,,,,,,,,,,,,,,,,,,,,,,,,,,,,,,,,,,,,,0
pell,anghysbell,ymhell,oeraidd,pellennig,hirbell,diarffordd,anghymdeithasol,hir,brith,maith,distaw,yn y pellter,anghyraeddadwy,anhygyrch,pellach,anodd mynd ato,pellenig,cyrhaeddbell,cwmpas,diserch,encilgar,anodd closio ato,ynysig,ar-wahan,maintioli,unig,i ffwrdd,anghyfeillgar,anghroesawgar,,,,,,,,,,,,,,,,,,,,,,,,,,,,,,,,,,,,,,,,,,,,,,,,,,,,,,,,,,,,,,,,,,0
pen,penglog,corun,pennaeth,prif,pwysicaf,diwedd,ymenydd,ymennydd,pennog,blaen,cneuen,meddwl,sgalp,pennaf,wynebyn,prifathro,rheolwr,llywydd,meistr,prifathrawes,top,blaenori,yn benuchel,arwain,arweinydd,yn benysgafn,tarddle,arweinyddes,copa,blaeor,pennyn,uchafbwynt,beiro,ysgrifbin,ysgrifennu,pensil,inc,marciwr,ygrifbin,llifbin,mynegi,llawysgrifen,cyfleu,ysgfrifennu,sillafu,stilws,uwcholeuydd,crefft,ysgrifen,amlygwr,offer,cwilsen,creadigrwydd,papur,llyfr,,,,,,,,,,,,,,,,,,,,,,,,,,,,,,,,,,,,,,,,0
pennod,rhan,cyfnod,adran,llyfr,cabidwl,darllen,rhaniad,rhan o lyfr,darn,toriad,segment,cyfnod o oes,testun,rhan o oes,episod,adnod,rhaglen,nofel,pwnc,llenyddiaeth,israniad,dosbarthiad,cyfres,darn o lenyddiaeth,teitl,cyfran,uned,categori,,,,,,,,,,,,,,,,,,,,,,,,,,,,,,,,,,,,,,,,,,,,,,,,,,,,,,,,,,,,,,,,,,,0
pennu,dewis,apwyntio,sefydlu,dynodi,penderfynu,gosod,penodi,trefnu,ethol,dyfarnu swydd,clustnodi,nodi,recriwtio,comisiynu,cyflogi,ordeinio,enwebu,enwi,dewis rhywun i,llenwi swydd,pigo,anfonog,neilltuo,categoreiddio,,,,,,,,,,,,,,,,,,,,,,,,,,,,,,,,,,,,,,,,,,,,,,,,,,,,,,,,,,,,,,,,,,,,,,,0
penodol,union,penodedig,arbennig,neilltuol,pendant,eglur,arbenigol,cymharol,nodedig,clir,sbesiffig,priod,diamwys,enwedig,gwrthrych penodol,teimlad penodol,sicr,priodol,manwl,trachywir,manwl gywir,ardal penodol,rhan penodol,addas,dyfais penodol,unigol,allwedd penodol,cwrs penodol,,,,,,,,,,,,,,,,,,,,,,,,,,,,,,,,,,,,,,,,,,,,,,,,,,,,,,,,,,,,,,,,,,,0
personol,preifat,cyfrinachol,unigolyn,cudd,unigryw,penodol,manylion personol,agos,hunain,unigol,cyfarwydd,cyfeiriad personol,goddrychol,arbennig,datganiad personol,cyfrinach,cyfrin,nodedig,onest,cyfarfod personol,hunan,i'r unigolyn,tiwtor personol,anghynhwysol,neges personol,neilltuedig,anrheg personol,,,,,,,,,,,,,,,,,,,,,,,,,,,,,,,,,,,,,,,,,,,,,,,,,,,,,,,,,,,,,,,,,,,,0
plentyn,mab,merch,ifanc,plentynnaidd,disgynnydd,bychan,plentyndod,crwt,ieuenctid,crwtyn,pobl ieuainc,plant,crotes,personau ieuainc,anaeddfed,babi,genedigaeth,epil,plentyn y fam,hogyn,ieuanc,babanod,magu,person bach,hogen,disgybl,croten,etifedd,bachgen,y fechan,y bychan,,,,,,,,,,,,,,,,,,,,,,,,,,,,,,,,,,,,,,,,,,,,,,,,,,,,,,,,,,,,,,,,0
pobl,bodau dynol,gwerin,person,cenedl,cyhoedd,dynes,cymuned,cymdeithas,unigolion,grŵp o bobl,poblogaeth,dynion,pobloedd,bod dynol,dyn,torf,merched,enaidiau,eneidiau,personau,pawb,pobl hen,dynolryw,poblog,trigolion,person (capel),pobl ifanc,y ddynoliaeth,plant,dynoliaeth,grwp,,,,,,,,,,,,,,,,,,,,,,,,,,,,,,,,,,,,,,,,,,,,,,,,,,,,,,,,,,,,,,,,0
poen,trafferth,niwsans,poendod,baich,anghyfleuster,strach,byrdwn,anghyfleus,anhwylustod,anghyfleustra,anghylwystod,ffwdan,pla,poenedigaeth,helynt,problem,cur,tarfu,enynfa,anhawster,dirboen,gofid,trwbl,helbul,cythrudd,llidydd,anghyfforddus,dolur,dirboen,anaf,clwyf,trallod,dioddefaint,gofid,gloes,anghysur,ingoedd,ing,anafu,brifo,anhwylder,briw,poenydio,dolurio,artaith,niwed,niweidio,trueni,gwae,cur,anhwyldeb,loes,poenedigaeth,anghyfforddus,dioddefiant,atafaeliad,clais,salwch,ymdrech,ymgais,ymroddiad,straen,gweithgarwch,llafur,ceisio,anhwylustod,cur,trafferth,gwaith,egni,llafurus,bwriad,ansoddair,cynnig,stryffaglu,cais,brwydr,llafurio,pwysau,egnio,defosiwn,cwffio,dycnwch,dyfalbarhad,anhawster,menter,atafael,ymorddiad,,,,,,,0
posib,ymarferol,potensial,dichonadwy,cyraeddadwy,tebygol,credadwy,dichonol,cyfle,siawns,dymunol,gallu,cyrraeddadwy,creadwy,hap,cyflanwnadwy,hyfyw,a all fod,defnyddiol,dirnadwy,gobeithiol,dychmygol,,,,,,,,,,,,,,,,,,,,,,,,,,,,,,,,,,,,,,,,,,,,,,,,,,,,,,,,,,,,,,,,,,,,,,,,,,0
prif,pennaf,pwysicaf,uchaf,blaenaf,mwyaf,yn ffinio,canolog,prif adeilad,pwysig,hanfodol,prif fynedfa,arweiniol,goruchaf,gorau,blaenllaw,pennaeth,prif egwyddor,penodol,prif ddadl,arbenigol,trechol,sylfaenol,pen,anhepgor,cyntaf,gerllaw,arch,arbennig,,,,,,,,,,,,,,,,,,,,,,,,,,,,,,,,,,,,,,,,,,,,,,,,,,,,,,,,,,,,,,,,,,,0
priodas,seremoni,uniad,cariad,defod,undeb,cwlwm,ymrwymiad,uniad ffurfiol,cyplu,seromoni,cytundeb,gwasanaeth,priodas aur,cyfuniad,partneriaid,dathliad,addewid,priodas arian,ffrindiau,cydsoddiad,priodas ddeimwnt,perthynas,teulu,uno,priod,traddodiad,rhwymiad,cynghrair,crefyddol,priodas ddirprwyol,priodas gyfunrywiol,,,,,,,,,,,,,,,,,,,,,,,,,,,,,,,,,,,,,,,,,,,,,,,,,,,,,,,,,,,,,,,,0
pryd,achlysur,adeg,digwyddiad,dathliad,cyfnod,amser,pwynt,achos,rheswm,amgylchiad,sawl tro,peri,pwrpas,gwaith,sawl gwaith,diwrnod,dathlu,ar adeg o'r fath,galar,profiad,yr adeg honno,parti,bryd hynny,ennyd,bwyd,cinio,brecwast,swper,bwyta,te,cynhaliaeth,pryd cinio,blawd,pryd bwyd,pryd cyllell a fforc,ymborth,byrbryd,cegin,bwrdd,cytleri,cwrs,maeth,amser te,lluniaeth,golwg,edrychiad,gwedd,ymddangosiad,llun,delwedd,arwedd,wyneb,diwyg,ymddangos,cyflwyniad,eiliw,lliw,ffurf,delw,,,,,,,,,,,,,,,,,,,,,,,,,,,,,,,,,,,,0
prydferth,hardd,del,tlws,pert,prydweddol,golygus,pur,lluniaidd,deniadol,merch prydferth,glwys,dengar,golygfa prydferth,hudolus,blodyn prydferth,ciwt,telaid,cyfrwys,cain,gweddaidd,mirain,swynol,teg,glandeg,perffaith,syfrdanol,ceindeg,trawiadol,deiniadol,glan,,,,,,,,,,,,,,,,,,,,,,,,,,,,,,,,,,,,,,,,,,,,,,,,,,,,,,,,,,,,,,,,,0
pwll,llyn,twll,dŵr,pydew,ffynnon,pwdel,pwdlac,twll â dŵr ynddo,cronfa ddŵr,afon,pant,corff o ddwr,pwdlo,patsh gwlyb,pwll nofio,llynwen,cronfa,rhwystr,ceubwll,dwr,pwll glo,croniad o ddŵr,casgliad o ddŵr,nofio,twll yn y tir,dwr glaw,hylif,gwlyb,glaw,,,,,,,,,,,,,,,,,,,,,,,,,,,,,,,,,,,,,,,,,,,,,,,,,,,,,,,,,,,,,,,,,,0
pwysig,arwyddocaol,awdurdodol,gwerthfawr,dylanwadol,blaenllaw,sylweddol,cofiadwy,mawr,o bwys,newyddion pwysig,hanfodol,llythyr pwysig,cyhoeddiad pwysig,angenrheidiol,amlwg,mater pwysig,rhwysgfawr,terfynol,enfawr,elfen pwysig,enwog,pwysfawr,praff,difrifol,arbennig,strategol,,,,,,,,,,,,,,,,,,,,,,,,,,,,,,,,,,,,,,,,,,,,,,,,,,,,,,,,,,,,,,,,,,,,,0
rasio,gwibio,rhedeg,rhuthro,carlamu,cystadlu,ras,brysio,rasio car,rasio beic,gyrru,rasio ceffylau,rhedeg yn wyllt,mynd yn gyflym,hela,hedfan,cystadleuaeth,cydymgeisio,sgrialu,digwyddiad,rhedfa,trac,ymgeisio,gornest,ennill,cymryd rhan,herio'i gilydd,colli,gwobr,cerdded,,,,,,,,,,,,,,,,,,,,,,,,,,,,,,,,,,,,,,,,,,,,,,,,,,,,,,,,,,,,,,,,,,0
recriwtio,listio,ymrestru,cyflogi,ymaelodi,cofrestru,anfon,newydd,pennu,chwilio,dechreuwr,dewis,newyddian,edrych am,galw,adfilwr,ceisio,talu,perswadio,codi,drafftio,gwirfoddoli,sicrhau gwasanaeth,ymholi,gweithio,hyfforddi,cyflenwi,apwyntio,aelodau newydd,nofydd,penodi,adnewyddu,cynnull,gorfodi,gyrru,dysgwr,,,,,,,,,,,,,,,,,,,,,,,,,,,,,,,,,,,,,,,,,,,,,,,,,,,,,,,,,,,,0
rhaglen,amserlen,rhaglen deledu,cwrs,cynllun,agenda,rhestr,sianel,maes llafur,trefniadau,rhaglen weithio,rhaglen waith,trefniant,darllediad teledu,rhaglen gyfrifiadur,system,polisi,darlleniad,cynlluniau,trefn,cyfres,cwricwlwm,atodlen,strategaeth,taflen,prosbectws,arweinlyfr,rhaglennu,llawlyfr,,,,,,,,,,,,,,,,,,,,,,,,,,,,,,,,,,,,,,,,,,,,,,,,,,,,,,,,,,,,,,,,,,,0
rhaid,angen,angenrhaid,gorfodaeth,rhwymedigaeth,gorfod,rheidrwydd,anghenraid,cyfrifoldeb,angenrheidiol,eisiau,dyled,hanfodol,gorfodol,atebolrwydd,galwad,gofynnol,dyletswydd,gwerthfawrogiad,gofyniad,hollbwysig,dylestwydd,cymhelliad,dymuno,gorchymyn,anocheledd,rhwymo,boddio,,,,,,,,,,,,,,,,,,,,,,,,,,,,,,,,,,,,,,,,,,,,,,,,,,,,,,,,,,,,,,,,,,,,0
rhoi,cyfrannu,cyflwyno,rhoddi,darparu,trosglwyddo,rhodd,gosod,offrymu,anrhegu,gwobrwyo,cynnig,dodi,rhannu,danfon,estyn,talu,dosbarthu,caredigrwydd,gadael,cynhyrchu,aberthu,cyfleu,caniatau,lleoli,sbario,,,,,,,,,,,,,,,,,,,,,,,,,,,,,,,,,,,,,,,,,,,,,,,,,,,,,,,,,,,,,,,,,,,,,,0
rhyw,cyfathrach rywiol,cysgu,perthynas,gweithred rywiol,rhywiol,atgenhedlu,caru,cyfathrach rhywiol,cyfathrach,carwr,rhywioldeb,rhywogaeth,undeb,godineb,serch,uniad,atgenhedliad,chwant,cyplu,cysylltiad,atgynhyrchiad,ymgydio,epiliad,angerdd,carennydd,rhwymiad,canlyn,rhyw geneuol,agos,cariad,erotig,atyniad rhywiol,math,rhywogaeth,dosbarth,teip,categori,cenedl,gwrywaidd,benywaidd,dosbarth rhywiol,natur rhywiol,hiliogaeth,gradd,hogyn,rhywioldeb,hogan,llinach rhywiol,natur,menyw,grwp,hwn,brîd,gwryw,hon,cromosom,safon,hynod,hil,,,,,,,,,,,,,,,,,,,,,,,,,,,,,,,,,,,,0
serth,llethrog,syth,cribog,fertigol,unionsyth,diffwysol,llethr,grisiau serth,gogwyddo,clogwynog,tir serth,llafurus,perpendicwlar,gostyngiad serth,bryniog,yn gogwyddo,clogwyn,gallt,llym,uwch,allt serth,esgynnol,eithafol,dyrchafedig,cyfradd serth,graddiant,gormodol,llechweddog,serthochrog,uchel,cribol,,,,,,,,,,,,,,,,,,,,,,,,,,,,,,,,,,,,,,,,,,,,,,,,,,,,,,,,,,,,,,,,0
siarad,sgwrsio,llefaru,dweud,cyfathrebu,mynegi,clebran,adrodd,ymddiddan,sgwrs,mwydro,llais,cloncian,traethu,parablu,datgan,swynnwyr,gweiddi,ymgomio,trafod,darlitho,ymadroddi,areithio,ynganu,sibrwd,son,parablus,anerchiad,cyfleu,pregethu,mân siarad,,,,,,,,,,,,,,,,,,,,,,,,,,,,,,,,,,,,,,,,,,,,,,,,,,,,,,,,,,,,,,,,,0
sicrhau,gwarantu,diogelu,cadarnhau,amddiffyn,dilysu,gofalu,addunedu,gwneud siwr,dilsyu,ymrwymo,gwneud yn siwr,gwirio,gwneud yn sicr,sefydlu,i wneud yn siwr,trefnu,i sefydlu,mechnïo,asiwro,paratoi,gaddo,darparu,i gadarnhau,gwneud yn siŵr,tystio,ymdynghedu,addo,,,,,,,,,,,,,,,,,,,,,,,,,,,,,,,,,,,,,,,,,,,,,,,,,,,,,,,,,,,,,,,,,,,,0
siŵr,sicr,pendant,cadarn,saff,positif,hyderus,heb os,diamau,clir,i gadarnhau,yn ddiau,diamheuol,anochel,diddadl,penodol,yn sicr,dibetrus,yn bendant,ffyddiog,argyhoeddedig,diogel,amlwg,heb amheuaeth,diamwys,di-ddadl,eglur,di-os,diymwad,di-ball,,,,,,,,,,,,,,,,,,,,,,,,,,,,,,,,,,,,,,,,,,,,,,,,,,,,,,,,,,,,,,,,,,0
sych,cras,crimp,sychedig,crin,hysb,sychlyd,dadhydredig,diffaith,diffrwyth,tir sych,dihysbyddu,pridd sych,wedi sychu,toes sych,diflas,noeth,sychu,paent sych,anhydrus,crablyd,caled,brechdan sych,hen,tywydd sych,crebachlyd,llychryd,anial,dysychedig,diflas,digywilydd,undonog,dwl,syml,anniddorol,syrffedus,digellwair,anhwylus,chwerw,digyffro,dihiwmor,sarrug,sychlyd,adroddiadol,plaen,swta,dienaid,annymunol,fflat,anfanwl,anemosiynol,diserch,llwm,anghwrtais,surbwch,dieneiniad,tawel,,,,,,,,,,,,,,,,,,,,,,,,,,,,,,,,,,,,,,,0
syfrdanol,trawiadol,anhygoel,hardd,rhyfeddol,del,ysblennydd,nodedig,gwyrthiol,hyfryd,hynod,pert,aruthrol,prydferth,golygus,hudolus,disglair,arbennig,gwych,cyfrwys,annisgwyl,dengar,campus,tlws,eithriadol,lloriol,anghyffredin,,,,,,,,,,,,,,,,,,,,,,,,,,,,,,,,,,,,,,,,,,,,,,,,,,,,,,,,,,,,,,,,,,,,,0
symud,mynd,mudo,ymfudo,gadael,cychwyn,cerdded,symudiad,adleoli,newid,teithio,cario,syflyd,dringo,ailgartrefu,newid lleoliad,ysgogi,gwthio,mynd o le i le,symud i rhywle,mudiant,rhodio,cynnig,cyffroi,disodli,cynhyrfu,gweithred,,,,,,,,,,,,,,,,,,,,,,,,,,,,,,,,,,,,,,,,,,,,,,,,,,,,,,,,,,,,,,,,,,,,,0
tafarn,tafarndy,gwesty,bar,llety,cymdeithasu,tafarn win,dioty,sefydliad yfed,tŷ tafarn,tafarn goffi,tŷ  tafarn,adeilad,tŷ cyhoeddus,adeilad â thrwydded i werthu diodydd,salwn,bwyty,alcohol,salŵn,lleoliad,lolfa,adeilad sy'n darparu diodydd,diod,bragdy,uniad,lle bwyta,bwyd,yfed,bwyta,tafranwr,,,,,,,,,,,,,,,,,,,,,,,,,,,,,,,,,,,,,,,,,,,,,,,,,,,,,,,,,,,,,,,,,,0
tebyg,cyfatebol,unwedd,cyffelyb,unfath,fel,cyflun,cymaradwy,o'r un fath,cymharol,o'r un natur,yr un peth,megis,cyfryw,cyfartal,hafal,cyflenwol,cydweddu,cytras,lliwiau tebyg,perthynol,pur debyg,chwiorydd tebyg,mwy na thebyg,agos,,,,,,,,,,,,,,,,,,,,,,,,,,,,,,,,,,,,,,,,,,,,,,,,,,,,,,,,,,,,,,,,,,,,,,,0
teimlad,emosiwn,ymdeimlad,angerdd,ymwybyddiaeth,swmpiad,blin,naws,ymwybodol,agwedd,cydymdeimlad,greddf,synnwyr,canfod,cred,ymwybod,meddyliau,serch,synhwyriad,cyffwrdd,ymateb emosiynol,adwaith,natur,cyflwr meddwl,cyffyrddiad,canfyddiad,angerddol,hapus,hydeimledd,trist,ymateb,,,,,,,,,,,,,,,,,,,,,,,,,,,,,,,,,,,,,,,,,,,,,,,,,,,,,,,,,,,,,,,,,0
teimlo,cyffwrdd,profi,synhwyro,naws,swmpo,byseddu,dideimlad,dan deimlad,emosiynau,teimlad,teimlo emosiwn,ymdeimlo,defnyddio emosion,synhwyro rhywbeth,ymdeimlad,meddyliau,dal,teimlo naws,trin,teimlo awyrgylch,credu,swynnwyr,arwa,ymgyfarwyddo,meddwl,defnyddio emosiwn,emosiwn,awyrgylch,dandeimlad,bodio,dangos empathi,canfod,hapus,dioddef,trist,bywyd,ymbalfalu,blin,,,,,,,,,,,,,,,,,,,,,,,,,,,,,,,,,,,,,,,,,,,,,,,,,,,,,,,,,0
teipio,ysgrifennu,cofnodi,trawsgrifio,printio,dosbarthu,mynegi,argraffu,nodi,ysgrifennu ar ffôn,ysgrifennydd,categoreiddio,ysgrifennu ar gyfrifiadur,nodiadau,cynhyrchu,copio,adroddiad,llythyru,mewnbynnu rhywbeth,symbolau,tecstio,electronig,ebsotio,teipio ar gyfrifiadur,teipio ar liniadur,grwpio,gwaith gweinyddol,siarad,cyfleu,sgwrsio,math,,,,,,,,,,,,,,,,,,,,,,,,,,,,,,,,,,,,,,,,,,,,,,,,,,,,,,,,,,,,,,,,,0
teledu,rhaglen,fideo,set deledu,sgrin,adloniant,sianel deledu,llun,difyrrwch,darlledu,adloniant gweledol a chlywedol,sgrinio,rhaglen deledu,teledydd,teledu cêbl,ffilm,rhaglenni,gwylio'r teledu,teledu digidol,gwylio,edrych ar y teledu,drama deledu,pictiwr,ffuglen,cyfryngau,gwasanaethau ffrydio,sain,ffeithiol,telediad,derbynnydd,actorion,cyflwyno,,,,,,,,,,,,,,,,,,,,,,,,,,,,,,,,,,,,,,,,,,,,,,,,,,,,,,,,,,,,,,,,0
teulu,llwyth,perthnasau,llinach,gwehelyth,tylwyth,perthynas,rhieni,gwaedoliaeth,grwp,grŵp,perthynasau,perthyn,llinach o bobl,aelwyd,tŷ,cartref,mam,pobl sy'n perthyn,tad,hil,adref,teulu brenhinol,teulu estynedig,brodyr,brawd,tras,teulu un rhiant,ach,plant,chwiorydd,chwaer,ffrindiau,teulu yng nghyfraith,taid a nain,cyndadau,uned,ceraint,,,,,,,,,,,,,,,,,,,,,,,,,,,,,,,,,,,,,,,,,,,,,,,,,,,,,,,,,,0
to,cronglwyd,nenfwd,nen,brig,gorchudd,cysgod,lloches,canopi,ty,mochel,to gwastad,tŷ,cysgodi,cysgod ar adeilad,to helm,toi,adeilad,to gwellt,cysgodfa,rhan o adeilad,to cribog,to llechi,haen,cartref,cenhedlaeth,cyfoedion,creadigaeth,pobl,ieuenctid,cyfnod,oes,cenhedliad,llinach,to hŷn,cenedl,to o bobl,yr hen do,generediad,ffurfiant,henoed,y to hŷn,teulu,hunaniaeth,y to iau,teuluoedd,tarddiad,cenhedlu,perthyn,y to ifanc,atgenhedlu,poblogaeth,oed,epiliad,cymdeithas,siliad,,,,,,,,,,,,,,,,,,,,,,,,,,,,,,,,,,,,,,,,0
tro,cylchdro,troad,cylch,troi,cylchdroad,cylchdroi,cylchred,plygiad,troadau,newid,cornel,gwyriad,trosi,troelli,gwyrdroad,cyfle,trofa,cwmpas,dirdro,amgylchynnu,troell,,,,,,,,,,,,,,,,,,,,,,,,,,,,,,,,,,,,,,,,,,,,,,,,,,,,,,,,,,,,,,,,,,,,,,,,,,0
troi,trosi,troelli,newid,cylchdroi,symud,styrbio,cylch,troi allwedd,dymchwelyd,chwyrlïo,troi tudalen,amgylchu,rholio,troi drosodd,ongli,diflasu,tro,troi cornel,colynnu,troi golau,aredig,cyfeiriad,crwydro,troad,chwyldroi,symudiad,cymysgu,newid cyfeiriad,treiglo,rownd,cromlin,gweithred,cyfieithu,gweithgaredd,,,,,,,,,,,,,,,,,,,,,,,,,,,,,,,,,,,,,,,,,,,,,,,,,,,,,,,,,,,,,0
tybio,meddwl,rhagdybio,synio,amau,ystyried,credu,dychmygu,gobeithio,amcanu,dyfalu,disgwyl,damcaniaethu,coelio,rhagfarnu,barnu,deallt,synied,tybio,gwnued,cogio,,,,,,,,,,,,,,,,,,,,,,,,,,,,,,,,,,,,,,,,,,,,,,,,,,,,,,,,,,,,,,,,,,,,,,,,,,,0
tynnu,llusgo,atynnu,denu,bachu,tynnu cyhyr,cipio,plycio,halio,tynnu rhaff,symud,hudo,tyniad,cael gwared,tynnu rhwyf,tynfa,rhwygo,casglu,cludo,dylanwad,,,,,,,,,,,,,,,,,,,,,,,,,,,,,,,,,,,,,,,,,,,,,,,,,,,,,,,,,,,,,,,,,,,,,,,,,,,,0
tŷ,cartref,aelwyd,adeilad,preswylfa,tafarndy,tŷ,fflat,anheddfa,bwthyn,tŷ bach,adref,cynefin,trigfan,tŷ cyffredin,llety,llys,ty sengl,byngalo,cyfannedd,ty teras,mebyd,plasdy,plas,annedd,lloches,ty haf,cwmni,bwythyn,senedd,ty'r meirw,tyddyn,tŷ sengl,teulu,ty gwydr,ffermdy,corff,,,,,,,,,,,,,,,,,,,,,,,,,,,,,,,,,,,,,,,,,,,,,,,,,,,,,,,,,,,0
uchel,tal,serth,mawreddog,mynyddig,fry,hir,pell o'r llawr,mawr,adeilad uchel,uchel yn yr awyr,anferth,ymgodol,safonau uchel,uwch,tyrog,dyrchafedig,dwys,gradd uchel,swydd uchel,enfawr,pell,mynyddog,cawraidd,cost uchel,amrylawr,aml-lawr,nendwr,,,,,,,,,,,,,,,,,,,,,,,,,,,,,,,,,,,,,,,,,,,,,,,,,,,,,,,,,,,,,,,,,,,,0
unig,ynysig,anghyfannedd,anghysbell,ar ei ben ei hun,diffaith,ben ei hun,amddifad,sengl,hiraethus,ar ben ei hun,anghyraeddadwy,wrtho'i hun,unigol,hunan,datgysylltiedig,diarfordd,meudwy,eithr,digyfaill,diarffordd,unigedd,dim ond,annibynnol,meudwyaidd,anhysbell,unawd,gwag,neb,pell,gweddw,wrtho'i hunan,,,,,,,,,,,,,,,,,,,,,,,,,,,,,,,,,,,,,,,,,,,,,,,,,,,,,,,,,,,,,,,,0
union,syth,uniongyrchol,agored,unionsyth,priodol,gwir,plaen,penodol,gonest,cymwys,clir,sbesiffig,rheoli,diwyro,manwl,addas,gorchymyn,diffuant,cyfiawn,didwyll,diduedd,trachywir,syml,unionlin,anhyblyg,sianelu,cyfreithlon,hollol,dyledus,llywyddu,llinellol,cywir,cyfarwyddo,teg,plwmp,,,,,,,,,,,,,,,,,,,,,,,,,,,,,,,,,,,,,,,,,,,,,,,,,,,,,,,,,,,,0
wythnos,cyfnod,amser,wythnosol,adeg,dyddiau,dwywaith yr wythnos,dydd sadwrn,cyfres o ddiwrnodau,cyfnod o saith diwrnod,saith niwrnod,saith diwrnod,penwythnos,oes,pythefnos,achlysur,cyfnod o amser,dyddiad,diwrnodau,dydd llun,wythnos waith,wythnos y dioddefaint,gwyliau,dydd mawrth,wythnos y pasg,o wythnos i wythnos,dydd mercher,noswaith,bob wythnos,dydd iau,o fewn yr wythnos,dydd gwener,,,,,,,,,,,,,,,,,,,,,,,,,,,,,,,,,,,,,,,,,,,,,,,,,,,,,,,,,,,,,,,,0
ysgol,ysgol gynradd,ysgol uwchradd,ysgol feithrin,ysgol gyfun,sefydliad addysgol,academi,ysgol breifat,ysgol sul,sefydliad addysg,prifysgol,ysgol breswyl,dosbarth,coleg,addysg,ysgol ramadeg,ysgol briefat,ysgolion,sefydiad addysgiadol,sefydliad addysgiadol,,,,,,,,,,,,,,,,,,,,,,,,,,,,,,,,,,,,,,,,,,,,,,,,,,,,,,,,,,,,,,,,,,,,,,,,,,,,0
ystod,amrediad,amrywiaeth,amrywiad,cwmpas,casgliad,dewis,sbectrwm,parhad,detholiad,graddfa,ymestyn,rhychwant,arfod,dewis eang o,rhes,cymysgedd,lled,mesuro,ystod gwahanol o,hyd,eang,cymysgedd gwahanol o,ystod,band,cwrs,cynhwysedd,cyfnod,,,,,,,,,,,,,,,,,,,,,,,,,,,,,,,,,,,,,,,,,,,,,,,,,,,,,,,,,,,,,,,,,,,,0
